sep=,
"Time","b[1]","b[2]","b[3]"
s,-,-,-
 0.0000000000000E+00, 1.0000000000000E+00, 2.0000000000000E+00, 3.0000000000000E+00
 1.0000000000000E-02, 1.0000000000000E+00, 2.0000000000000E+00, 3.0000000000000E+00
 2.0000000000000E-02, 1.0000000000000E+00, 2.0000000000000E+00, 3.0000000000000E+00
 3.0000000000000E-02, 3.0000000000000E+00, 4.0000000000000E+00, 5.0000000000000E+00
 4.0000000000000E-02, 5.0000000000000E+00, 6.0000000000000E+00, 7.0000000000000E+00
 5.0000000000000E-02, 7.0000000000000E+00, 8.0000000000000E+00, 9.0000000000000E+00
 6.0000000000000E-02, 9.0000000000000E+00, 1.0000000000000E+01, 1.1000000000000E+01
 7.0000000000000E-02, 1.1000000000000E+01, 1.2000000000000E+01, 1.3000000000000E+01
 8.0000000000000E-02, 9.0000000000000E+00, 1.0000000000000E+01, 1.1000000000000E+01
 9.0000000000000E-02, 7.0000000000000E+00, 8.0000000000000E+00, 9.0000000000000E+00
 1.0000000000000E-01, 5.0000000000000E+00, 6.0000000000000E+00, 7.0000000000000E+00
 1.1000000000000E-01, 3.0000000000000E+00, 4.0000000000000E+00, 5.0000000000000E+00
 1.2000000000000E-01, 9.9999999999999E-01, 2.0000000000000E+00, 3.0000000000000E+00
 1.3000000000000E-01,-1.0000000000000E+00,-4.4408920985006E-15, 1.0000000000000E+00
 1.4000000000000E-01,-3.0000000000000E+00,-2.0000000000000E+00,-1.0000000000000E+00
 1.5000000000000E-01,-5.0000000000000E+00,-4.0000000000000E+00,-3.0000000000000E+00
 1.6000000000000E-01,-7.0000000000000E+00,-6.0000000000000E+00,-5.0000000000000E+00
 1.7000000000000E-01,-9.0000000000000E+00,-8.0000000000000E+00,-7.0000000000000E+00
 1.8000000000000E-01,-7.0000000000000E+00,-6.0000000000000E+00,-5.0000000000000E+00
 1.9000000000000E-01,-5.0000000000000E+00,-4.0000000000000E+00,-3.0000000000000E+00
 2.0000000000000E-01,-3.0000000000000E+00,-2.0000000000000E+00,-9.9999999999999E-01
 2.1000000000000E-01,-9.9999999999999E-01, 1.0658141036402E-14, 1.0000000000000E+00
 2.2000000000000E-01, 1.0000000000000E+00, 2.0000000000000E+00, 3.0000000000000E+00
 2.3000000000000E-01, 3.0000000000000E+00, 4.0000000000000E+00, 5.0000000000000E+00
 2.4000000000000E-01, 5.0000000000000E+00, 6.0000000000000E+00, 7.0000000000000E+00
 2.5000000000000E-01, 7.0000000000000E+00, 8.0000000000000E+00, 9.0000000000000E+00
 2.6000000000000E-01, 9.0000000000000E+00, 1.0000000000000E+01, 1.1000000000000E+01
 2.7000000000000E-01, 1.1000000000000E+01, 1.2000000000000E+01, 1.3000000000000E+01
 2.8000000000000E-01, 9.0000000000000E+00, 1.0000000000000E+01, 1.1000000000000E+01
 2.9000000000000E-01, 7.0000000000000E+00, 8.0000000000000E+00, 9.0000000000000E+00
 3.0000000000000E-01, 5.0000000000000E+00, 6.0000000000000E+00, 7.0000000000000E+00
 3.1000000000000E-01, 3.0000000000000E+00, 4.0000000000000E+00, 5.0000000000000E+00
 3.2000000000000E-01, 9.9999999999999E-01, 2.0000000000000E+00, 3.0000000000000E+00
 3.3000000000000E-01,-1.0000000000000E+00,-1.3322676295502E-14, 9.9999999999999E-01
 3.4000000000000E-01,-3.0000000000000E+00,-2.0000000000000E+00,-1.0000000000000E+00
 3.5000000000000E-01,-5.0000000000000E+00,-4.0000000000000E+00,-3.0000000000000E+00
 3.6000000000000E-01,-7.0000000000000E+00,-6.0000000000000E+00,-5.0000000000000E+00
 3.7000000000000E-01,-9.0000000000000E+00,-8.0000000000000E+00,-7.0000000000000E+00
 3.8000000000000E-01,-7.0000000000000E+00,-6.0000000000000E+00,-5.0000000000000E+00
 3.9000000000000E-01,-5.0000000000000E+00,-4.0000000000000E+00,-3.0000000000000E+00
 4.0000000000000E-01,-3.0000000000000E+00,-2.0000000000000E+00,-1.0000000000000E+00
 4.1000000000000E-01,-9.9999999999999E-01, 5.3290705182008E-15, 1.0000000000000E+00
 4.2000000000000E-01, 1.0000000000000E+00, 2.0000000000000E+00, 3.0000000000000E+00
 4.3000000000000E-01, 3.0000000000000E+00, 4.0000000000000E+00, 5.0000000000000E+00
 4.4000000000000E-01, 5.0000000000000E+00, 6.0000000000000E+00, 7.0000000000000E+00
 4.5000000000000E-01, 7.0000000000000E+00, 8.0000000000000E+00, 9.0000000000000E+00
 4.6000000000000E-01, 9.0000000000000E+00, 1.0000000000000E+01, 1.1000000000000E+01
 4.7000000000000E-01, 1.1000000000000E+01, 1.2000000000000E+01, 1.3000000000000E+01
 4.8000000000000E-01, 9.0000000000000E+00, 1.0000000000000E+01, 1.1000000000000E+01
 4.9000000000000E-01, 7.0000000000000E+00, 8.0000000000000E+00, 9.0000000000000E+00
 5.0000000000000E-01, 5.0000000000000E+00, 6.0000000000000E+00, 7.0000000000000E+00
 5.1000000000000E-01, 3.0000000000000E+00, 4.0000000000000E+00, 5.0000000000000E+00
 5.2000000000000E-01, 9.9999999999999E-01, 2.0000000000000E+00, 3.0000000000000E+00
 5.3000000000000E-01,-1.0000000000000E+00,-8.4376949871512E-15, 9.9999999999999E-01
 5.4000000000000E-01,-3.0000000000000E+00,-2.0000000000000E+00,-1.0000000000000E+00
 5.5000000000000E-01,-5.0000000000000E+00,-4.0000000000000E+00,-3.0000000000000E+00
 5.6000000000000E-01,-7.0000000000000E+00,-6.0000000000000E+00,-5.0000000000000E+00
 5.7000000000000E-01,-9.0000000000000E+00,-8.0000000000000E+00,-7.0000000000000E+00
 5.8000000000000E-01,-7.0000000000000E+00,-6.0000000000000E+00,-5.0000000000000E+00
 5.9000000000000E-01,-5.0000000000000E+00,-4.0000000000000E+00,-3.0000000000000E+00
 6.0000000000000E-01,-3.0000000000000E+00,-2.0000000000000E+00,-1.0000000000000E+00
 6.1000000000000E-01,-1.0000000000000E+00,-5.3290705182008E-15, 9.9999999999999E-01
 6.2000000000000E-01, 9.9999999999999E-01, 2.0000000000000E+00, 3.0000000000000E+00
 6.3000000000000E-01, 3.0000000000000E+00, 4.0000000000000E+00, 5.0000000000000E+00
 6.4000000000000E-01, 5.0000000000000E+00, 6.0000000000000E+00, 7.0000000000000E+00
 6.5000000000000E-01, 7.0000000000000E+00, 8.0000000000000E+00, 9.0000000000000E+00
 6.6000000000000E-01, 9.0000000000000E+00, 1.0000000000000E+01, 1.1000000000000E+01
 6.7000000000000E-01, 1.1000000000000E+01, 1.2000000000000E+01, 1.3000000000000E+01
 6.8000000000000E-01, 9.0000000000000E+00, 1.0000000000000E+01, 1.1000000000000E+01
 6.9000000000000E-01, 7.0000000000000E+00, 8.0000000000000E+00, 9.0000000000000E+00
 7.0000000000000E-01, 5.0000000000000E+00, 6.0000000000000E+00, 7.0000000000000E+00
 7.1000000000000E-01, 3.0000000000000E+00, 4.0000000000000E+00, 5.0000000000000E+00
 7.2000000000000E-01, 9.9999999999997E-01, 2.0000000000000E+00, 3.0000000000000E+00
 7.3000000000000E-01,-1.0000000000000E+00, 6.6613381477509E-16, 1.0000000000000E+00
 7.4000000000000E-01,-3.0000000000000E+00,-2.0000000000000E+00,-9.9999999999999E-01
 7.5000000000000E-01,-5.0000000000000E+00,-4.0000000000000E+00,-3.0000000000000E+00
 7.6000000000000E-01,-7.0000000000000E+00,-6.0000000000000E+00,-5.0000000000000E+00
 7.7000000000000E-01,-9.0000000000000E+00,-8.0000000000000E+00,-7.0000000000000E+00
 7.8000000000000E-01,-7.0000000000000E+00,-6.0000000000000E+00,-5.0000000000000E+00
 7.9000000000000E-01,-5.0000000000000E+00,-4.0000000000000E+00,-3.0000000000000E+00
 8.0000000000000E-01,-3.0000000000000E+00,-2.0000000000000E+00,-1.0000000000000E+00
 8.1000000000000E-01,-1.0000000000000E+00,-1.7763568394003E-15, 1.0000000000000E+00
 8.2000000000000E-01, 1.0000000000000E+00, 2.0000000000000E+00, 3.0000000000000E+00
 8.3000000000000E-01, 3.0000000000000E+00, 4.0000000000000E+00, 5.0000000000000E+00
 8.4000000000000E-01, 5.0000000000000E+00, 6.0000000000000E+00, 7.0000000000000E+00
 8.5000000000000E-01, 7.0000000000000E+00, 8.0000000000000E+00, 9.0000000000000E+00
 8.6000000000000E-01, 9.0000000000000E+00, 1.0000000000000E+01, 1.1000000000000E+01
 8.7000000000000E-01, 1.1000000000000E+01, 1.2000000000000E+01, 1.3000000000000E+01
 8.8000000000000E-01, 9.0000000000000E+00, 1.0000000000000E+01, 1.1000000000000E+01
 8.9000000000000E-01, 7.0000000000000E+00, 8.0000000000000E+00, 9.0000000000000E+00
 9.0000000000000E-01, 5.0000000000000E+00, 6.0000000000000E+00, 7.0000000000000E+00
 9.1000000000000E-01, 3.0000000000000E+00, 4.0000000000000E+00, 5.0000000000000E+00
 9.2000000000000E-01, 9.9999999999998E-01, 2.0000000000000E+00, 3.0000000000000E+00
 9.3000000000000E-01,-1.0000000000000E+00,-3.5527136788005E-15, 1.0000000000000E+00
 9.4000000000000E-01,-3.0000000000000E+00,-2.0000000000000E+00,-9.9999999999999E-01
 9.5000000000000E-01,-5.0000000000000E+00,-4.0000000000000E+00,-3.0000000000000E+00
 9.6000000000000E-01,-7.0000000000000E+00,-6.0000000000000E+00,-5.0000000000000E+00
 9.7000000000000E-01,-9.0000000000000E+00,-8.0000000000000E+00,-7.0000000000000E+00
 9.8000000000000E-01,-7.0000000000000E+00,-6.0000000000000E+00,-5.0000000000000E+00
 9.9000000000000E-01,-5.0000000000000E+00,-4.0000000000000E+00,-3.0000000000000E+00
 1.0000000000000E+00,-3.0000000000000E+00,-2.0000000000000E+00,-1.0000000000000E+00
 1.0100000000000E+00,-1.0000000000000E+00,-2.6645352591004E-15, 1.0000000000000E+00
 1.0200000000000E+00, 1.0000000000000E+00, 2.0000000000000E+00, 3.0000000000000E+00
 1.0300000000000E+00, 3.0000000000000E+00, 4.0000000000000E+00, 5.0000000000000E+00
 1.0400000000000E+00, 5.0000000000000E+00, 6.0000000000000E+00, 7.0000000000000E+00
 1.0500000000000E+00, 7.0000000000000E+00, 8.0000000000000E+00, 9.0000000000000E+00
 1.0600000000000E+00, 9.0000000000000E+00, 1.0000000000000E+01, 1.1000000000000E+01
 1.0700000000000E+00, 1.1000000000000E+01, 1.2000000000000E+01, 1.3000000000000E+01
 1.0800000000000E+00, 9.0000000000001E+00, 1.0000000000000E+01, 1.1000000000000E+01
 1.0900000000000E+00, 7.0000000000001E+00, 8.0000000000001E+00, 9.0000000000001E+00
 1.1000000000000E+00, 5.0000000000002E+00, 6.0000000000002E+00, 7.0000000000002E+00
 1.1100000000000E+00, 3.0000000000003E+00, 4.0000000000003E+00, 5.0000000000003E+00
 1.1200000000000E+00, 1.0000000000003E+00, 2.0000000000003E+00, 3.0000000000003E+00
 1.1300000000000E+00,-9.9999999999975E-01, 2.5424107263916E-13, 1.0000000000003E+00
 1.1400000000000E+00,-2.9999999999998E+00,-1.9999999999998E+00,-9.9999999999980E-01
 1.1500000000000E+00,-4.9999999999999E+00,-3.9999999999999E+00,-2.9999999999999E+00
 1.1600000000000E+00,-6.9999999999999E+00,-5.9999999999999E+00,-4.9999999999999E+00
 1.1700000000000E+00,-9.0000000000000E+00,-8.0000000000000E+00,-7.0000000000000E+00
 1.1800000000000E+00,-7.0000000000001E+00,-6.0000000000001E+00,-5.0000000000001E+00
 1.1900000000000E+00,-5.0000000000002E+00,-4.0000000000002E+00,-3.0000000000002E+00
 1.2000000000000E+00,-3.0000000000002E+00,-2.0000000000002E+00,-1.0000000000002E+00
 1.2100000000000E+00,-1.0000000000003E+00,-2.7089441800854E-13, 9.9999999999973E-01
 1.2200000000000E+00, 9.9999999999968E-01, 1.9999999999997E+00, 2.9999999999997E+00
 1.2300000000000E+00, 2.9999999999997E+00, 3.9999999999997E+00, 4.9999999999997E+00
 1.2400000000000E+00, 4.9999999999998E+00, 5.9999999999998E+00, 6.9999999999998E+00
 1.2500000000000E+00, 6.9999999999998E+00, 7.9999999999998E+00, 8.9999999999998E+00
 1.2600000000000E+00, 8.9999999999999E+00, 9.9999999999999E+00, 1.1000000000000E+01
 1.2700000000000E+00, 1.1000000000000E+01, 1.2000000000000E+01, 1.3000000000000E+01
 1.2800000000000E+00, 9.0000000000001E+00, 1.0000000000000E+01, 1.1000000000000E+01
 1.2900000000000E+00, 7.0000000000002E+00, 8.0000000000002E+00, 9.0000000000002E+00
 1.3000000000000E+00, 5.0000000000002E+00, 6.0000000000002E+00, 7.0000000000002E+00
 1.3100000000000E+00, 3.0000000000002E+00, 4.0000000000002E+00, 5.0000000000002E+00
 1.3200000000000E+00, 1.0000000000003E+00, 2.0000000000003E+00, 3.0000000000003E+00
 1.3300000000000E+00,-9.9999999999976E-01, 2.4358293160276E-13, 1.0000000000002E+00
 1.3400000000000E+00,-2.9999999999998E+00,-1.9999999999998E+00,-9.9999999999980E-01
 1.3500000000000E+00,-4.9999999999998E+00,-3.9999999999998E+00,-2.9999999999998E+00
 1.3600000000000E+00,-6.9999999999999E+00,-5.9999999999999E+00,-4.9999999999999E+00
 1.3700000000000E+00,-8.9999999999999E+00,-7.9999999999999E+00,-6.9999999999999E+00
 1.3800000000000E+00,-7.0000000000001E+00,-6.0000000000001E+00,-5.0000000000001E+00
 1.3900000000000E+00,-5.0000000000002E+00,-4.0000000000002E+00,-3.0000000000002E+00
 1.4000000000000E+00,-3.0000000000002E+00,-2.0000000000002E+00,-1.0000000000002E+00
 1.4100000000000E+00,-1.0000000000002E+00,-2.1671553440683E-13, 9.9999999999978E-01
 1.4200000000000E+00, 9.9999999999975E-01, 1.9999999999998E+00, 2.9999999999998E+00
 1.4300000000000E+00, 2.9999999999997E+00, 3.9999999999997E+00, 4.9999999999997E+00
 1.4400000000000E+00, 4.9999999999998E+00, 5.9999999999998E+00, 6.9999999999998E+00
 1.4500000000000E+00, 6.9999999999998E+00, 7.9999999999998E+00, 8.9999999999998E+00
 1.4600000000000E+00, 8.9999999999998E+00, 9.9999999999998E+00, 1.1000000000000E+01
 1.4700000000000E+00, 1.1000000000000E+01, 1.2000000000000E+01, 1.3000000000000E+01
 1.4800000000000E+00, 9.0000000000002E+00, 1.0000000000000E+01, 1.1000000000000E+01
 1.4900000000000E+00, 7.0000000000002E+00, 8.0000000000002E+00, 9.0000000000002E+00
 1.5000000000000E+00, 5.0000000000002E+00, 6.0000000000002E+00, 7.0000000000002E+00
 1.5100000000000E+00, 3.0000000000002E+00, 4.0000000000002E+00, 5.0000000000002E+00
 1.5200000000000E+00, 1.0000000000003E+00, 2.0000000000003E+00, 3.0000000000003E+00
 1.5300000000000E+00,-9.9999999999977E-01, 2.3314683517128E-13, 1.0000000000002E+00
 1.5400000000000E+00,-2.9999999999998E+00,-1.9999999999998E+00,-9.9999999999979E-01
 1.5500000000000E+00,-4.9999999999998E+00,-3.9999999999998E+00,-2.9999999999998E+00
 1.5600000000000E+00,-6.9999999999998E+00,-5.9999999999998E+00,-4.9999999999998E+00
 1.5700000000000E+00,-8.9999999999999E+00,-7.9999999999999E+00,-6.9999999999999E+00
 1.5800000000000E+00,-7.0000000000002E+00,-6.0000000000002E+00,-5.0000000000002E+00
 1.5900000000000E+00,-5.0000000000002E+00,-4.0000000000002E+00,-3.0000000000002E+00
 1.6000000000000E+00,-3.0000000000002E+00,-2.0000000000002E+00,-1.0000000000002E+00
 1.6100000000000E+00,-1.0000000000003E+00,-2.6201263381154E-13, 9.9999999999974E-01
 1.6200000000000E+00, 9.9999999999971E-01, 1.9999999999997E+00, 2.9999999999997E+00
 1.6300000000000E+00, 2.9999999999997E+00, 3.9999999999997E+00, 4.9999999999997E+00
 1.6400000000000E+00, 4.9999999999998E+00, 5.9999999999998E+00, 6.9999999999998E+00
 1.6500000000000E+00, 6.9999999999998E+00, 7.9999999999998E+00, 8.9999999999998E+00
 1.6600000000000E+00, 8.9999999999998E+00, 9.9999999999998E+00, 1.1000000000000E+01
 1.6700000000000E+00, 1.1000000000000E+01, 1.2000000000000E+01, 1.3000000000000E+01
 1.6800000000000E+00, 9.0000000000002E+00, 1.0000000000000E+01, 1.1000000000000E+01
 1.6900000000000E+00, 7.0000000000002E+00, 8.0000000000002E+00, 9.0000000000002E+00
 1.7000000000000E+00, 5.0000000000003E+00, 6.0000000000003E+00, 7.0000000000003E+00
 1.7100000000000E+00, 3.0000000000003E+00, 4.0000000000003E+00, 5.0000000000003E+00
 1.7200000000000E+00, 1.0000000000003E+00, 2.0000000000003E+00, 3.0000000000003E+00
 1.7300000000000E+00,-9.9999999999972E-01, 2.7955415760061E-13, 1.0000000000003E+00
 1.7400000000000E+00,-2.9999999999997E+00,-1.9999999999997E+00,-9.9999999999975E-01
 1.7500000000000E+00,-4.9999999999998E+00,-3.9999999999998E+00,-2.9999999999998E+00
 1.7600000000000E+00,-6.9999999999998E+00,-5.9999999999998E+00,-4.9999999999998E+00
 1.7700000000000E+00,-8.9999999999998E+00,-7.9999999999998E+00,-6.9999999999998E+00
 1.7800000000000E+00,-7.0000000000002E+00,-6.0000000000002E+00,-5.0000000000002E+00
 1.7900000000000E+00,-5.0000000000002E+00,-4.0000000000002E+00,-3.0000000000002E+00
 1.8000000000000E+00,-3.0000000000002E+00,-2.0000000000002E+00,-1.0000000000002E+00
 1.8100000000000E+00,-1.0000000000003E+00,-2.5224267119484E-13, 9.9999999999975E-01
 1.8200000000000E+00, 9.9999999999973E-01, 1.9999999999997E+00, 2.9999999999997E+00
 1.8300000000000E+00, 2.9999999999997E+00, 3.9999999999997E+00, 4.9999999999997E+00
 1.8400000000000E+00, 4.9999999999998E+00, 5.9999999999998E+00, 6.9999999999998E+00
 1.8500000000000E+00, 6.9999999999998E+00, 7.9999999999998E+00, 8.9999999999998E+00
 1.8600000000000E+00, 8.9999999999998E+00, 9.9999999999998E+00, 1.1000000000000E+01
 1.8700000000000E+00, 1.1000000000000E+01, 1.2000000000000E+01, 1.3000000000000E+01
 1.8800000000000E+00, 9.0000000000002E+00, 1.0000000000000E+01, 1.1000000000000E+01
 1.8900000000000E+00, 7.0000000000002E+00, 8.0000000000002E+00, 9.0000000000002E+00
 1.9000000000000E+00, 5.0000000000002E+00, 6.0000000000002E+00, 7.0000000000002E+00
 1.9100000000000E+00, 3.0000000000002E+00, 4.0000000000002E+00, 5.0000000000002E+00
 1.9200000000000E+00, 1.0000000000002E+00, 2.0000000000002E+00, 3.0000000000002E+00
 1.9300000000000E+00,-9.9999999999978E-01, 2.2470914018413E-13, 1.0000000000002E+00
 1.9400000000000E+00,-2.9999999999997E+00,-1.9999999999997E+00,-9.9999999999974E-01
 1.9500000000000E+00,-4.9999999999998E+00,-3.9999999999998E+00,-2.9999999999998E+00
 1.9600000000000E+00,-6.9999999999998E+00,-5.9999999999998E+00,-4.9999999999998E+00
 1.9700000000000E+00,-8.9999999999998E+00,-7.9999999999998E+00,-6.9999999999998E+00
 1.9800000000000E+00,-7.0000000000002E+00,-6.0000000000002E+00,-5.0000000000002E+00
 1.9900000000000E+00,-5.0000000000002E+00,-4.0000000000002E+00,-3.0000000000002E+00
 2.0000000000000E+00,-3.0000000000002E+00,-2.0000000000002E+00,-1.0000000000002E+00
 2.0100000000000E+00,-1.0000000000002E+00,-2.0694557179013E-13, 9.9999999999979E-01
 2.0200000000000E+00, 9.9999999999980E-01, 1.9999999999998E+00, 2.9999999999998E+00
 2.0300000000000E+00, 2.9999999999999E+00, 3.9999999999999E+00, 4.9999999999999E+00
 2.0400000000000E+00, 4.9999999999998E+00, 5.9999999999998E+00, 6.9999999999998E+00
 2.0500000000000E+00, 6.9999999999999E+00, 7.9999999999999E+00, 8.9999999999999E+00
 2.0600000000000E+00, 8.9999999999999E+00, 9.9999999999999E+00, 1.1000000000000E+01
 2.0700000000000E+00, 1.1000000000000E+01, 1.2000000000000E+01, 1.3000000000000E+01
 2.0800000000000E+00, 9.0000000000002E+00, 1.0000000000000E+01, 1.1000000000000E+01
 2.0900000000000E+00, 7.0000000000002E+00, 8.0000000000002E+00, 9.0000000000002E+00
 2.1000000000000E+00, 5.0000000000002E+00, 6.0000000000002E+00, 7.0000000000002E+00
 2.1100000000000E+00, 3.0000000000002E+00, 4.0000000000002E+00, 5.0000000000002E+00
 2.1200000000000E+00, 1.0000000000002E+00, 2.0000000000002E+00, 3.0000000000002E+00
 2.1300000000000E+00,-9.9999999999977E-01, 2.3026025530726E-13, 1.0000000000002E+00
 2.1400000000000E+00,-2.9999999999998E+00,-1.9999999999998E+00,-9.9999999999985E-01
 2.1500000000000E+00,-4.9999999999998E+00,-3.9999999999998E+00,-2.9999999999998E+00
 2.1600000000000E+00,-6.9999999999999E+00,-5.9999999999999E+00,-4.9999999999999E+00
 2.1700000000000E+00,-8.9999999999999E+00,-7.9999999999999E+00,-6.9999999999999E+00
 2.1800000000000E+00,-7.0000000000001E+00,-6.0000000000001E+00,-5.0000000000001E+00
 2.1900000000000E+00,-5.0000000000002E+00,-4.0000000000002E+00,-3.0000000000002E+00
 2.2000000000000E+00,-3.0000000000002E+00,-2.0000000000002E+00,-1.0000000000002E+00
 2.2100000000000E+00,-1.0000000000002E+00,-2.4513724383723E-13, 9.9999999999975E-01
 2.2200000000000E+00, 9.9999999999976E-01, 1.9999999999998E+00, 2.9999999999998E+00
 2.2300000000000E+00, 2.9999999999998E+00, 3.9999999999998E+00, 4.9999999999998E+00
 2.2400000000000E+00, 4.9999999999999E+00, 5.9999999999999E+00, 6.9999999999999E+00
 2.2500000000000E+00, 6.9999999999999E+00, 7.9999999999999E+00, 8.9999999999999E+00
 2.2600000000000E+00, 9.0000000000000E+00, 1.0000000000000E+01, 1.1000000000000E+01
 2.2700000000000E+00, 1.1000000000000E+01, 1.2000000000000E+01, 1.3000000000000E+01
 2.2800000000000E+00, 9.0000000000000E+00, 1.0000000000000E+01, 1.1000000000000E+01
 2.2900000000000E+00, 7.0000000000001E+00, 8.0000000000001E+00, 9.0000000000001E+00
 2.3000000000000E+00, 5.0000000000001E+00, 6.0000000000001E+00, 7.0000000000001E+00
 2.3100000000000E+00, 3.0000000000002E+00, 4.0000000000002E+00, 5.0000000000002E+00
 2.3200000000000E+00, 1.0000000000003E+00, 2.0000000000003E+00, 3.0000000000003E+00
 2.3300000000000E+00,-9.9999999999978E-01, 2.2493118478906E-13, 1.0000000000002E+00
 2.3400000000000E+00,-2.9999999999998E+00,-1.9999999999998E+00,-9.9999999999981E-01
 2.3500000000000E+00,-4.9999999999999E+00,-3.9999999999999E+00,-2.9999999999999E+00
 2.3600000000000E+00,-7.0000000000000E+00,-6.0000000000000E+00,-5.0000000000000E+00
 2.3700000000000E+00,-9.0000000000001E+00,-8.0000000000001E+00,-7.0000000000001E+00
 2.3800000000000E+00,-7.0000000000000E+00,-6.0000000000000E+00,-5.0000000000000E+00
 2.3900000000000E+00,-5.0000000000001E+00,-4.0000000000001E+00,-3.0000000000001E+00
 2.4000000000000E+00,-3.0000000000002E+00,-2.0000000000002E+00,-1.0000000000002E+00
 2.4100000000000E+00,-1.0000000000002E+00,-2.4069635173873E-13, 9.9999999999976E-01
 2.4200000000000E+00, 9.9999999999963E-01, 1.9999999999996E+00, 2.9999999999996E+00
 2.4300000000000E+00, 2.9999999999998E+00, 3.9999999999998E+00, 4.9999999999998E+00
 2.4400000000000E+00, 4.9999999999998E+00, 5.9999999999998E+00, 6.9999999999998E+00
 2.4500000000000E+00, 7.0000000000000E+00, 8.0000000000000E+00, 9.0000000000000E+00
 2.4600000000000E+00, 9.0000000000000E+00, 1.0000000000000E+01, 1.1000000000000E+01
 2.4700000000000E+00, 1.1000000000000E+01, 1.2000000000000E+01, 1.3000000000000E+01
 2.4800000000000E+00, 9.0000000000000E+00, 1.0000000000000E+01, 1.1000000000000E+01
 2.4900000000000E+00, 7.0000000000000E+00, 8.0000000000000E+00, 9.0000000000000E+00
 2.5000000000000E+00, 5.0000000000002E+00, 6.0000000000002E+00, 7.0000000000002E+00
 2.5100000000000E+00, 3.0000000000002E+00, 4.0000000000002E+00, 5.0000000000002E+00
 2.5200000000000E+00, 1.0000000000004E+00, 2.0000000000004E+00, 3.0000000000004E+00
 2.5300000000000E+00,-9.9999999999978E-01, 2.1982415887578E-13, 1.0000000000002E+00
 2.5400000000000E+00,-2.9999999999999E+00,-1.9999999999999E+00,-9.9999999999986E-01
 2.5500000000000E+00,-5.0000000000000E+00,-4.0000000000000E+00,-3.0000000000000E+00
 2.5600000000000E+00,-7.0000000000001E+00,-6.0000000000001E+00,-5.0000000000001E+00
 2.5700000000000E+00,-9.0000000000003E+00,-8.0000000000003E+00,-7.0000000000003E+00
 2.5800000000000E+00,-6.9999999999999E+00,-5.9999999999999E+00,-4.9999999999999E+00
 2.5900000000000E+00,-5.0000000000001E+00,-4.0000000000001E+00,-3.0000000000001E+00
 2.6000000000000E+00,-3.0000000000002E+00,-2.0000000000002E+00,-1.0000000000002E+00
 2.6100000000000E+00,-1.0000000000003E+00,-3.2418512319055E-13, 9.9999999999968E-01
 2.6200000000000E+00, 9.9999999999959E-01, 1.9999999999996E+00, 2.9999999999996E+00
 2.6300000000000E+00, 2.9999999999997E+00, 3.9999999999997E+00, 4.9999999999997E+00
 2.6400000000000E+00, 4.9999999999999E+00, 5.9999999999999E+00, 6.9999999999999E+00
 2.6500000000000E+00, 7.0000000000000E+00, 8.0000000000000E+00, 9.0000000000000E+00
 2.6600000000000E+00, 9.0000000000002E+00, 1.0000000000000E+01, 1.1000000000000E+01
 2.6700000000000E+00, 1.1000000000000E+01, 1.2000000000000E+01, 1.3000000000000E+01
 2.6800000000000E+00, 8.9999999999998E+00, 9.9999999999998E+00, 1.1000000000000E+01
 2.6900000000000E+00, 7.0000000000000E+00, 8.0000000000000E+00, 9.0000000000000E+00
 2.7000000000000E+00, 5.0000000000001E+00, 6.0000000000001E+00, 7.0000000000001E+00
 2.7100000000000E+00, 3.0000000000003E+00, 4.0000000000003E+00, 5.0000000000003E+00
 2.7200000000000E+00, 1.0000000000004E+00, 2.0000000000004E+00, 3.0000000000004E+00
 2.7300000000000E+00,-9.9999999999970E-01, 3.0353497493252E-13, 1.0000000000003E+00
 2.7400000000000E+00,-2.9999999999999E+00,-1.9999999999999E+00,-9.9999999999991E-01
 2.7500000000000E+00,-5.0000000000000E+00,-4.0000000000000E+00,-3.0000000000000E+00
 2.7600000000000E+00,-7.0000000000002E+00,-6.0000000000002E+00,-5.0000000000002E+00
 2.7700000000000E+00,-9.0000000000004E+00,-8.0000000000004E+00,-7.0000000000004E+00
 2.7800000000000E+00,-6.9999999999998E+00,-5.9999999999998E+00,-4.9999999999998E+00
 2.7900000000000E+00,-5.0000000000000E+00,-4.0000000000000E+00,-3.0000000000000E+00
 2.8000000000000E+00,-3.0000000000001E+00,-2.0000000000001E+00,-1.0000000000001E+00
 2.8100000000000E+00,-1.0000000000003E+00,-3.1885605267234E-13, 9.9999999999968E-01
 2.8200000000000E+00, 9.9999999999956E-01, 1.9999999999996E+00, 2.9999999999996E+00
 2.8300000000000E+00, 2.9999999999997E+00, 3.9999999999997E+00, 4.9999999999997E+00
 2.8400000000000E+00, 4.9999999999998E+00, 5.9999999999998E+00, 6.9999999999998E+00
 2.8500000000000E+00, 7.0000000000001E+00, 8.0000000000001E+00, 9.0000000000001E+00
 2.8600000000000E+00, 9.0000000000002E+00, 1.0000000000000E+01, 1.1000000000000E+01
 2.8700000000000E+00, 1.1000000000000E+01, 1.2000000000000E+01, 1.3000000000000E+01
 2.8800000000000E+00, 8.9999999999998E+00, 9.9999999999998E+00, 1.1000000000000E+01
 2.8900000000000E+00, 6.9999999999999E+00, 7.9999999999999E+00, 8.9999999999999E+00
 2.9000000000000E+00, 5.0000000000002E+00, 6.0000000000002E+00, 7.0000000000002E+00
 2.9100000000000E+00, 3.0000000000003E+00, 4.0000000000003E+00, 5.0000000000003E+00
 2.9200000000000E+00, 1.0000000000006E+00, 2.0000000000006E+00, 3.0000000000006E+00
 2.9300000000000E+00,-9.9999999999970E-01, 2.9842794901924E-13, 1.0000000000003E+00
 2.9400000000000E+00,-2.9999999999999E+00,-1.9999999999999E+00,-9.9999999999986E-01
 2.9500000000000E+00,-5.0000000000001E+00,-4.0000000000001E+00,-3.0000000000001E+00
 2.9600000000000E+00,-7.0000000000003E+00,-6.0000000000003E+00,-5.0000000000003E+00
 2.9700000000000E+00,-9.0000000000005E+00,-8.0000000000005E+00,-7.0000000000005E+00
 2.9800000000000E+00,-6.9999999999997E+00,-5.9999999999997E+00,-4.9999999999997E+00
 2.9900000000000E+00,-4.9999999999999E+00,-3.9999999999999E+00,-2.9999999999999E+00
 3.0000000000000E+00,-3.0000000000001E+00,-2.0000000000001E+00,-1.0000000000001E+00
 3.0100000000000E+00,-1.0000000000003E+00,-3.1441516057384E-13, 9.9999999999969E-01
 3.0200000000000E+00, 9.9999999999943E-01, 1.9999999999994E+00, 2.9999999999994E+00
 3.0300000000000E+00, 2.9999999999997E+00, 3.9999999999997E+00, 4.9999999999997E+00
 3.0400000000000E+00, 4.9999999999999E+00, 5.9999999999999E+00, 6.9999999999999E+00
 3.0500000000000E+00, 7.0000000000002E+00, 8.0000000000002E+00, 9.0000000000002E+00
 3.0600000000000E+00, 9.0000000000003E+00, 1.0000000000000E+01, 1.1000000000000E+01
 3.0700000000000E+00, 1.1000000000001E+01, 1.2000000000001E+01, 1.3000000000001E+01
 3.0800000000000E+00, 8.9999999999997E+00, 9.9999999999997E+00, 1.1000000000000E+01
 3.0900000000000E+00, 6.9999999999998E+00, 7.9999999999998E+00, 8.9999999999998E+00
 3.1000000000000E+00, 5.0000000000001E+00, 6.0000000000001E+00, 7.0000000000001E+00
 3.1100000000000E+00, 3.0000000000004E+00, 4.0000000000004E+00, 5.0000000000004E+00
 3.1200000000000E+00, 1.0000000000006E+00, 2.0000000000006E+00, 3.0000000000006E+00
 3.1300000000000E+00,-9.9999999999962E-01, 3.8213876507598E-13, 1.0000000000004E+00
 3.1400000000000E+00,-2.9999999999999E+00,-1.9999999999999E+00,-9.9999999999991E-01
 3.1500000000000E+00,-5.0000000000001E+00,-4.0000000000001E+00,-3.0000000000001E+00
 3.1600000000000E+00,-7.0000000000004E+00,-6.0000000000004E+00,-5.0000000000004E+00
 3.1700000000000E+00,-9.0000000000006E+00,-8.0000000000006E+00,-7.0000000000006E+00
 3.1800000000000E+00,-6.9999999999996E+00,-5.9999999999996E+00,-4.9999999999996E+00
 3.1900000000000E+00,-4.9999999999999E+00,-3.9999999999999E+00,-2.9999999999999E+00
 3.2000000000000E+00,-3.0000000000001E+00,-2.0000000000001E+00,-1.0000000000001E+00
 3.2100000000000E+00,-1.0000000000004E+00,-3.9790393202566E-13, 9.9999999999960E-01
 3.2200000000000E+00, 9.9999999999939E-01, 1.9999999999994E+00, 2.9999999999994E+00
 3.2300000000000E+00, 2.9999999999996E+00, 3.9999999999996E+00, 4.9999999999996E+00
 3.2400000000000E+00, 4.9999999999999E+00, 5.9999999999999E+00, 6.9999999999999E+00
 3.2500000000000E+00, 7.0000000000002E+00, 8.0000000000002E+00, 9.0000000000002E+00
 3.2600000000000E+00, 9.0000000000005E+00, 1.0000000000000E+01, 1.1000000000000E+01
 3.2700000000000E+00, 1.1000000000001E+01, 1.2000000000001E+01, 1.3000000000001E+01
 3.2800000000000E+00, 8.9999999999995E+00, 9.9999999999995E+00, 1.1000000000000E+01
 3.2900000000000E+00, 6.9999999999998E+00, 7.9999999999998E+00, 8.9999999999998E+00
 3.3000000000000E+00, 5.0000000000001E+00, 6.0000000000001E+00, 7.0000000000001E+00
 3.3100000000000E+00, 3.0000000000004E+00, 4.0000000000004E+00, 5.0000000000004E+00
 3.3200000000000E+00, 1.0000000000006E+00, 2.0000000000006E+00, 3.0000000000006E+00
 3.3300000000000E+00,-9.9999999999962E-01, 3.7658764995285E-13, 1.0000000000004E+00
 3.3400000000000E+00,-3.0000000000000E+00,-2.0000000000000E+00,-9.9999999999996E-01
 3.3500000000000E+00,-5.0000000000002E+00,-4.0000000000002E+00,-3.0000000000002E+00
 3.3600000000000E+00,-7.0000000000005E+00,-6.0000000000005E+00,-5.0000000000005E+00
 3.3700000000000E+00,-9.0000000000008E+00,-8.0000000000008E+00,-7.0000000000008E+00
 3.3800000000000E+00,-6.9999999999995E+00,-5.9999999999995E+00,-4.9999999999995E+00
 3.3900000000000E+00,-4.9999999999998E+00,-3.9999999999998E+00,-2.9999999999998E+00
 3.4000000000000E+00,-3.0000000000001E+00,-2.0000000000001E+00,-1.0000000000001E+00
 3.4100000000000E+00,-1.0000000000004E+00,-3.9168668308776E-13, 9.9999999999961E-01
 3.4200000000000E+00, 9.9999999999927E-01, 1.9999999999993E+00, 2.9999999999993E+00
 3.4300000000000E+00, 2.9999999999996E+00, 3.9999999999996E+00, 4.9999999999996E+00
 3.4400000000000E+00, 4.9999999999999E+00, 5.9999999999999E+00, 6.9999999999999E+00
 3.4500000000000E+00, 7.0000000000003E+00, 8.0000000000003E+00, 9.0000000000003E+00
 3.4600000000000E+00, 9.0000000000005E+00, 1.0000000000001E+01, 1.1000000000001E+01
 3.4700000000000E+00, 1.1000000000001E+01, 1.2000000000001E+01, 1.3000000000001E+01
 3.4800000000000E+00, 8.9999999999995E+00, 9.9999999999995E+00, 1.1000000000000E+01
 3.4900000000000E+00, 6.9999999999998E+00, 7.9999999999998E+00, 8.9999999999998E+00
 3.5000000000000E+00, 5.0000000000002E+00, 6.0000000000002E+00, 7.0000000000002E+00
 3.5100000000000E+00, 3.0000000000005E+00, 4.0000000000005E+00, 5.0000000000005E+00
 3.5200000000000E+00, 1.0000000000009E+00, 2.0000000000009E+00, 3.0000000000009E+00
 3.5300000000000E+00,-9.9999999999951E-01, 4.8561155097104E-13, 1.0000000000005E+00
 3.5400000000000E+00,-2.9999999999998E+00,-1.9999999999998E+00,-9.9999999999984E-01
 3.5500000000000E+00,-5.0000000000002E+00,-4.0000000000002E+00,-3.0000000000002E+00
 3.5600000000000E+00,-7.0000000000006E+00,-6.0000000000006E+00,-5.0000000000006E+00
 3.5700000000000E+00,-9.0000000000010E+00,-8.0000000000010E+00,-7.0000000000010E+00
 3.5800000000000E+00,-6.9999999999994E+00,-5.9999999999994E+00,-4.9999999999994E+00
 3.5900000000000E+00,-4.9999999999998E+00,-3.9999999999998E+00,-2.9999999999998E+00
 3.6000000000000E+00,-3.0000000000002E+00,-2.0000000000002E+00,-1.0000000000002E+00
 3.6100000000000E+00,-1.0000000000006E+00,-5.8975047068088E-13, 9.9999999999941E-01
 3.6200000000000E+00, 9.9999999999909E-01, 1.9999999999991E+00, 2.9999999999991E+00
 3.6300000000000E+00, 2.9999999999994E+00, 3.9999999999994E+00, 4.9999999999994E+00
 3.6400000000000E+00, 4.9999999999999E+00, 5.9999999999999E+00, 6.9999999999999E+00
 3.6500000000000E+00, 7.0000000000002E+00, 8.0000000000002E+00, 9.0000000000002E+00
 3.6600000000000E+00, 9.0000000000006E+00, 1.0000000000001E+01, 1.1000000000001E+01
 3.6700000000000E+00, 1.1000000000001E+01, 1.2000000000001E+01, 1.3000000000001E+01
 3.6800000000000E+00, 8.9999999999994E+00, 9.9999999999994E+00, 1.0999999999999E+01
 3.6900000000000E+00, 6.9999999999998E+00, 7.9999999999998E+00, 8.9999999999998E+00
 3.7000000000000E+00, 5.0000000000002E+00, 6.0000000000002E+00, 7.0000000000002E+00
 3.7100000000000E+00, 3.0000000000006E+00, 4.0000000000006E+00, 5.0000000000006E+00
 3.7200000000000E+00, 1.0000000000009E+00, 2.0000000000009E+00, 3.0000000000009E+00
 3.7300000000000E+00,-9.9999999999943E-01, 5.6887827781793E-13, 1.0000000000006E+00
 3.7400000000000E+00,-2.9999999999999E+00,-1.9999999999999E+00,-9.9999999999988E-01
 3.7500000000000E+00,-5.0000000000002E+00,-4.0000000000002E+00,-3.0000000000002E+00
 3.7600000000000E+00,-7.0000000000007E+00,-6.0000000000007E+00,-5.0000000000007E+00
 3.7700000000000E+00,-9.0000000000011E+00,-8.0000000000011E+00,-7.0000000000011E+00
 3.7800000000000E+00,-6.9999999999993E+00,-5.9999999999993E+00,-4.9999999999993E+00
 3.7900000000000E+00,-4.9999999999998E+00,-3.9999999999998E+00,-2.9999999999998E+00
 3.8000000000000E+00,-3.0000000000001E+00,-2.0000000000001E+00,-1.0000000000001E+00
 3.8100000000000E+00,-1.0000000000006E+00,-5.8442140016268E-13, 9.9999999999942E-01
 3.8200000000000E+00, 9.9999999999905E-01, 1.9999999999990E+00, 2.9999999999990E+00
 3.8300000000000E+00, 2.9999999999994E+00, 3.9999999999994E+00, 4.9999999999994E+00
 3.8400000000000E+00, 4.9999999999999E+00, 5.9999999999999E+00, 6.9999999999999E+00
 3.8500000000000E+00, 7.0000000000003E+00, 8.0000000000003E+00, 9.0000000000003E+00
 3.8600000000000E+00, 9.0000000000007E+00, 1.0000000000001E+01, 1.1000000000001E+01
 3.8700000000000E+00, 1.1000000000001E+01, 1.2000000000001E+01, 1.3000000000001E+01
 3.8800000000000E+00, 8.9999999999993E+00, 9.9999999999993E+00, 1.0999999999999E+01
 3.8900000000000E+00, 6.9999999999997E+00, 7.9999999999997E+00, 8.9999999999997E+00
 3.9000000000000E+00, 5.0000000000002E+00, 6.0000000000002E+00, 7.0000000000002E+00
 3.9100000000000E+00, 3.0000000000006E+00, 4.0000000000006E+00, 5.0000000000006E+00
 3.9200000000000E+00, 1.0000000000011E+00, 2.0000000000011E+00, 3.0000000000011E+00
 3.9300000000000E+00,-9.9999999999944E-01, 5.6377125190465E-13, 1.0000000000006E+00
 3.9400000000000E+00,-2.9999999999998E+00,-1.9999999999998E+00,-9.9999999999984E-01
 3.9500000000000E+00,-5.0000000000003E+00,-4.0000000000003E+00,-3.0000000000003E+00
 3.9600000000000E+00,-7.0000000000007E+00,-6.0000000000007E+00,-5.0000000000007E+00
 3.9700000000000E+00,-9.0000000000012E+00,-8.0000000000012E+00,-7.0000000000012E+00
 3.9800000000000E+00,-6.9999999999993E+00,-5.9999999999993E+00,-4.9999999999993E+00
 3.9900000000000E+00,-4.9999999999997E+00,-3.9999999999997E+00,-2.9999999999997E+00
 4.0000000000000E+00,-3.0000000000002E+00,-2.0000000000002E+00,-1.0000000000002E+00
 4.0100000000000E+00,-1.0000000000006E+00,-5.7998050806418E-13, 9.9999999999942E-01
 4.0200000000000E+00, 9.9999999999892E-01, 1.9999999999989E+00, 2.9999999999989E+00
 4.0300000000000E+00, 2.9999999999993E+00, 3.9999999999993E+00, 4.9999999999993E+00
 4.0400000000000E+00, 5.0000000000000E+00, 6.0000000000000E+00, 7.0000000000000E+00
 4.0500000000000E+00, 7.0000000000004E+00, 8.0000000000004E+00, 9.0000000000004E+00
 4.0600000000000E+00, 9.0000000000008E+00, 1.0000000000001E+01, 1.1000000000001E+01
 4.0700000000000E+00, 1.1000000000001E+01, 1.2000000000001E+01, 1.3000000000001E+01
 4.0800000000000E+00, 8.9999999999991E+00, 9.9999999999991E+00, 1.0999999999999E+01
 4.0900000000000E+00, 6.9999999999996E+00, 7.9999999999996E+00, 8.9999999999996E+00
 4.1000000000000E+00, 5.0000000000001E+00, 6.0000000000001E+00, 7.0000000000001E+00
 4.1100000000000E+00, 3.0000000000007E+00, 4.0000000000007E+00, 5.0000000000007E+00
 4.1200000000000E+00, 1.0000000000012E+00, 2.0000000000012E+00, 3.0000000000012E+00
 4.1300000000000E+00,-9.9999999999944E-01, 5.5910831520123E-13, 1.0000000000006E+00
 4.1400000000000E+00,-2.9999999999999E+00,-1.9999999999999E+00,-9.9999999999989E-01
 4.1500000000000E+00,-5.0000000000003E+00,-4.0000000000003E+00,-3.0000000000003E+00
 4.1600000000000E+00,-7.0000000000008E+00,-6.0000000000008E+00,-5.0000000000008E+00
 4.1700000000000E+00,-9.0000000000014E+00,-8.0000000000014E+00,-7.0000000000014E+00
 4.1800000000000E+00,-6.9999999999991E+00,-5.9999999999991E+00,-4.9999999999991E+00
 4.1900000000000E+00,-4.9999999999997E+00,-3.9999999999997E+00,-2.9999999999997E+00
 4.2000000000000E+00,-3.0000000000002E+00,-2.0000000000002E+00,-1.0000000000002E+00
 4.2100000000000E+00,-1.0000000000006E+00,-5.7376325912628E-13, 9.9999999999943E-01
 4.2200000000000E+00, 9.9999999999888E-01, 1.9999999999989E+00, 2.9999999999989E+00
 4.2300000000000E+00, 2.9999999999994E+00, 3.9999999999994E+00, 4.9999999999994E+00
 4.2400000000000E+00, 4.9999999999998E+00, 5.9999999999998E+00, 6.9999999999998E+00
 4.2500000000000E+00, 7.0000000000005E+00, 8.0000000000005E+00, 9.0000000000005E+00
 4.2600000000000E+00, 9.0000000000009E+00, 1.0000000000001E+01, 1.1000000000001E+01
 4.2700000000000E+00, 1.1000000000001E+01, 1.2000000000001E+01, 1.3000000000001E+01
 4.2800000000000E+00, 8.9999999999991E+00, 9.9999999999991E+00, 1.0999999999999E+01
 4.2900000000000E+00, 6.9999999999995E+00, 7.9999999999995E+00, 8.9999999999995E+00
 4.3000000000000E+00, 5.0000000000001E+00, 6.0000000000001E+00, 7.0000000000001E+00
 4.3100000000000E+00, 3.0000000000007E+00, 4.0000000000007E+00, 5.0000000000007E+00
 4.3200000000000E+00, 1.0000000000012E+00, 2.0000000000012E+00, 3.0000000000012E+00
 4.3300000000000E+00,-9.9999999999945E-01, 5.5355720007810E-13, 1.0000000000006E+00
 4.3400000000000E+00,-2.9999999999999E+00,-1.9999999999999E+00,-9.9999999999994E-01
 4.3500000000000E+00,-5.0000000000004E+00,-4.0000000000004E+00,-3.0000000000004E+00
 4.3600000000000E+00,-7.0000000000009E+00,-6.0000000000009E+00,-5.0000000000009E+00
 4.3700000000000E+00,-9.0000000000016E+00,-8.0000000000016E+00,-7.0000000000016E+00
 4.3800000000000E+00,-6.9999999999990E+00,-5.9999999999990E+00,-4.9999999999990E+00
 4.3900000000000E+00,-4.9999999999996E+00,-3.9999999999996E+00,-2.9999999999996E+00
 4.4000000000000E+00,-3.0000000000002E+00,-2.0000000000002E+00,-1.0000000000002E+00
 4.4100000000000E+00,-1.0000000000007E+00,-7.4606987254811E-13, 9.9999999999925E-01
 4.4200000000000E+00, 9.9999999999885E-01, 1.9999999999988E+00, 2.9999999999988E+00
 4.4300000000000E+00, 2.9999999999994E+00, 3.9999999999994E+00, 4.9999999999994E+00
 4.4400000000000E+00, 4.9999999999999E+00, 5.9999999999999E+00, 6.9999999999999E+00
 4.4500000000000E+00, 7.0000000000004E+00, 8.0000000000004E+00, 9.0000000000004E+00
 4.4600000000000E+00, 9.0000000000011E+00, 1.0000000000001E+01, 1.1000000000001E+01
 4.4700000000000E+00, 1.1000000000002E+01, 1.2000000000002E+01, 1.3000000000002E+01
 4.4800000000000E+00, 8.9999999999990E+00, 9.9999999999990E+00, 1.0999999999999E+01
 4.4900000000000E+00, 6.9999999999996E+00, 7.9999999999996E+00, 8.9999999999996E+00
 4.5000000000000E+00, 5.0000000000000E+00, 6.0000000000000E+00, 7.0000000000000E+00
 4.5100000000000E+00, 3.0000000000007E+00, 4.0000000000007E+00, 5.0000000000007E+00
 4.5200000000000E+00, 1.0000000000013E+00, 2.0000000000013E+00, 3.0000000000013E+00
 4.5300000000000E+00,-9.9999999999927E-01, 7.2608585810485E-13, 1.0000000000007E+00
 4.5400000000000E+00,-3.0000000000000E+00,-2.0000000000000E+00,-9.9999999999999E-01
 4.5500000000000E+00,-5.0000000000005E+00,-4.0000000000005E+00,-3.0000000000005E+00
 4.5600000000000E+00,-7.0000000000011E+00,-6.0000000000011E+00,-5.0000000000011E+00
 4.5700000000000E+00,-9.0000000000016E+00,-8.0000000000016E+00,-7.0000000000016E+00
 4.5800000000000E+00,-6.9999999999989E+00,-5.9999999999989E+00,-4.9999999999989E+00
 4.5900000000000E+00,-4.9999999999995E+00,-3.9999999999995E+00,-2.9999999999995E+00
 4.6000000000000E+00,-3.0000000000001E+00,-2.0000000000001E+00,-1.0000000000001E+00
 4.6100000000000E+00,-1.0000000000007E+00,-7.4162898044960E-13, 9.9999999999926E-01
 4.6200000000000E+00, 9.9999999999881E-01, 1.9999999999988E+00, 2.9999999999988E+00
 4.6300000000000E+00, 2.9999999999994E+00, 3.9999999999994E+00, 4.9999999999994E+00
 4.6400000000000E+00, 4.9999999999999E+00, 5.9999999999999E+00, 6.9999999999999E+00
 4.6500000000000E+00, 7.0000000000005E+00, 8.0000000000005E+00, 9.0000000000005E+00
 4.6600000000000E+00, 9.0000000000010E+00, 1.0000000000001E+01, 1.1000000000001E+01
 4.6700000000000E+00, 1.1000000000002E+01, 1.2000000000002E+01, 1.3000000000002E+01
 4.6800000000000E+00, 8.9999999999989E+00, 9.9999999999989E+00, 1.0999999999999E+01
 4.6900000000000E+00, 6.9999999999995E+00, 7.9999999999995E+00, 8.9999999999995E+00
 4.7000000000000E+00, 5.0000000000002E+00, 6.0000000000002E+00, 7.0000000000002E+00
 4.7100000000000E+00, 3.0000000000006E+00, 4.0000000000006E+00, 5.0000000000006E+00
 4.7200000000000E+00, 1.0000000000013E+00, 2.0000000000013E+00, 3.0000000000013E+00
 4.7300000000000E+00,-9.9999999999928E-01, 7.2097883219158E-13, 1.0000000000007E+00
 4.7400000000000E+00,-2.9999999999999E+00,-1.9999999999999E+00,-9.9999999999986E-01
 4.7500000000000E+00,-5.0000000000006E+00,-4.0000000000006E+00,-3.0000000000006E+00
 4.7600000000000E+00,-7.0000000000012E+00,-6.0000000000012E+00,-5.0000000000012E+00
 4.7700000000000E+00,-9.0000000000018E+00,-8.0000000000018E+00,-7.0000000000018E+00
 4.7800000000000E+00,-6.9999999999989E+00,-5.9999999999989E+00,-4.9999999999989E+00
 4.7900000000000E+00,-4.9999999999994E+00,-3.9999999999994E+00,-2.9999999999994E+00
 4.8000000000000E+00,-3.0000000000001E+00,-2.0000000000001E+00,-1.0000000000001E+00
 4.8100000000000E+00,-1.0000000000007E+00,-7.3629990993140E-13, 9.9999999999926E-01
 4.8200000000000E+00, 9.9999999999859E-01, 1.9999999999986E+00, 2.9999999999986E+00
 4.8300000000000E+00, 2.9999999999994E+00, 3.9999999999994E+00, 4.9999999999994E+00
 4.8400000000000E+00, 5.0000000000000E+00, 6.0000000000000E+00, 7.0000000000000E+00
 4.8500000000000E+00, 7.0000000000006E+00, 8.0000000000006E+00, 9.0000000000006E+00
 4.8600000000000E+00, 9.0000000000012E+00, 1.0000000000001E+01, 1.1000000000001E+01
 4.8700000000000E+00, 1.1000000000002E+01, 1.2000000000002E+01, 1.3000000000002E+01
 4.8800000000000E+00, 8.9999999999987E+00, 9.9999999999987E+00, 1.0999999999999E+01
 4.8900000000000E+00, 6.9999999999994E+00, 7.9999999999994E+00, 8.9999999999994E+00
 4.9000000000000E+00, 5.0000000000001E+00, 6.0000000000001E+00, 7.0000000000001E+00
 4.9100000000000E+00, 3.0000000000008E+00, 4.0000000000008E+00, 5.0000000000008E+00
 4.9200000000000E+00, 1.0000000000013E+00, 2.0000000000013E+00, 3.0000000000013E+00
 4.9300000000000E+00,-9.9999999999928E-01, 7.1587180627830E-13, 1.0000000000007E+00
 4.9400000000000E+00,-2.9999999999999E+00,-1.9999999999999E+00,-9.9999999999991E-01
 4.9500000000000E+00,-5.0000000000005E+00,-4.0000000000005E+00,-3.0000000000005E+00
 4.9600000000000E+00,-7.0000000000013E+00,-6.0000000000013E+00,-5.0000000000013E+00
 4.9700000000000E+00,-9.0000000000020E+00,-8.0000000000020E+00,-7.0000000000020E+00
 4.9800000000000E+00,-6.9999999999988E+00,-5.9999999999988E+00,-4.9999999999988E+00
 4.9900000000000E+00,-4.9999999999995E+00,-3.9999999999995E+00,-2.9999999999995E+00
 5.0000000000000E+00,-3.0000000000000E+00,-2.0000000000000E+00,-1.0000000000000E+00
 5.0100000000000E+00,-1.0000000000007E+00,-7.3097083941320E-13, 9.9999999999927E-01
 5.0200000000000E+00, 9.9999999999855E-01, 1.9999999999986E+00, 2.9999999999986E+00
 5.0300000000000E+00, 2.9999999999992E+00, 3.9999999999992E+00, 4.9999999999992E+00
 5.0400000000000E+00, 5.0000000000000E+00, 6.0000000000000E+00, 7.0000000000000E+00
 5.0500000000000E+00, 7.0000000000007E+00, 8.0000000000007E+00, 9.0000000000007E+00
 5.0600000000000E+00, 9.0000000000013E+00, 1.0000000000001E+01, 1.1000000000001E+01
 5.0700000000000E+00, 1.1000000000002E+01, 1.2000000000002E+01, 1.3000000000002E+01
 5.0800000000000E+00, 8.9999999999986E+00, 9.9999999999986E+00, 1.0999999999999E+01
 5.0900000000000E+00, 6.9999999999993E+00, 7.9999999999993E+00, 8.9999999999993E+00
 5.1000000000000E+00, 5.0000000000001E+00, 6.0000000000001E+00, 7.0000000000001E+00
 5.1100000000000E+00, 3.0000000000008E+00, 4.0000000000008E+00, 5.0000000000008E+00
 5.1200000000000E+00, 1.0000000000014E+00, 2.0000000000014E+00, 3.0000000000014E+00
 5.1300000000000E+00,-9.9999999999929E-01, 7.1076478036503E-13, 1.0000000000007E+00
 5.1400000000000E+00,-3.0000000000000E+00,-2.0000000000000E+00,-9.9999999999996E-01
 5.1500000000000E+00,-5.0000000000006E+00,-4.0000000000006E+00,-3.0000000000006E+00
 5.1600000000000E+00,-7.0000000000013E+00,-6.0000000000013E+00,-5.0000000000013E+00
 5.1700000000000E+00,-9.0000000000021E+00,-8.0000000000021E+00,-7.0000000000021E+00
 5.1800000000000E+00,-6.9999999999986E+00,-5.9999999999986E+00,-4.9999999999986E+00
 5.1900000000000E+00,-4.9999999999994E+00,-3.9999999999994E+00,-2.9999999999994E+00
 5.2000000000000E+00,-3.0000000000001E+00,-2.0000000000001E+00,-1.0000000000001E+00
 5.2100000000000E+00,-1.0000000000007E+00,-7.2652994731470E-13, 9.9999999999927E-01
 5.2200000000000E+00, 9.9999999999851E-01, 1.9999999999985E+00, 2.9999999999985E+00
 5.2300000000000E+00, 2.9999999999992E+00, 3.9999999999992E+00, 4.9999999999992E+00
 5.2400000000000E+00, 4.9999999999999E+00, 5.9999999999999E+00, 6.9999999999999E+00
 5.2500000000000E+00, 7.0000000000008E+00, 8.0000000000008E+00, 9.0000000000008E+00
 5.2600000000000E+00, 9.0000000000014E+00, 1.0000000000001E+01, 1.1000000000001E+01
 5.2700000000000E+00, 1.1000000000002E+01, 1.2000000000002E+01, 1.3000000000002E+01
 5.2800000000000E+00, 8.9999999999986E+00, 9.9999999999986E+00, 1.0999999999999E+01
 5.2900000000000E+00, 6.9999999999993E+00, 7.9999999999993E+00, 8.9999999999993E+00
 5.3000000000000E+00, 5.0000000000000E+00, 6.0000000000000E+00, 7.0000000000000E+00
 5.3100000000000E+00, 3.0000000000008E+00, 4.0000000000008E+00, 5.0000000000008E+00
 5.3200000000000E+00, 1.0000000000016E+00, 2.0000000000016E+00, 3.0000000000016E+00
 5.3300000000000E+00,-9.9999999999929E-01, 7.0521366524190E-13, 1.0000000000007E+00
 5.3400000000000E+00,-3.0000000000000E+00,-2.0000000000000E+00,-1.0000000000000E+00
 5.3500000000000E+00,-5.0000000000007E+00,-4.0000000000007E+00,-3.0000000000007E+00
 5.3600000000000E+00,-7.0000000000014E+00,-6.0000000000014E+00,-5.0000000000014E+00
 5.3700000000000E+00,-9.0000000000023E+00,-8.0000000000023E+00,-7.0000000000023E+00
 5.3800000000000E+00,-6.9999999999985E+00,-5.9999999999985E+00,-4.9999999999985E+00
 5.3900000000000E+00,-4.9999999999993E+00,-3.9999999999993E+00,-2.9999999999993E+00
 5.4000000000000E+00,-3.0000000000001E+00,-2.0000000000001E+00,-1.0000000000001E+00
 5.4100000000000E+00,-1.0000000000009E+00,-8.9794838231683E-13, 9.9999999999910E-01
 5.4200000000000E+00, 9.9999999999848E-01, 1.9999999999985E+00, 2.9999999999985E+00
 5.4300000000000E+00, 2.9999999999992E+00, 3.9999999999992E+00, 4.9999999999992E+00
 5.4400000000000E+00, 4.9999999999999E+00, 5.9999999999999E+00, 6.9999999999999E+00
 5.4500000000000E+00, 7.0000000000007E+00, 8.0000000000007E+00, 9.0000000000007E+00
 5.4600000000000E+00, 9.0000000000016E+00, 1.0000000000002E+01, 1.1000000000002E+01
 5.4700000000000E+00, 1.1000000000002E+01, 1.2000000000002E+01, 1.3000000000002E+01
 5.4800000000000E+00, 8.9999999999985E+00, 9.9999999999985E+00, 1.0999999999999E+01
 5.4900000000000E+00, 6.9999999999993E+00, 7.9999999999993E+00, 8.9999999999993E+00
 5.5000000000000E+00, 5.0000000000000E+00, 6.0000000000000E+00, 7.0000000000000E+00
 5.5100000000000E+00, 3.0000000000008E+00, 4.0000000000008E+00, 5.0000000000008E+00
 5.5200000000000E+00, 1.0000000000016E+00, 2.0000000000016E+00, 3.0000000000016E+00
 5.5300000000000E+00,-9.9999999999912E-01, 8.7818641247850E-13, 1.0000000000009E+00
 5.5400000000000E+00,-3.0000000000001E+00,-2.0000000000001E+00,-1.0000000000001E+00
 5.5500000000000E+00,-5.0000000000008E+00,-4.0000000000008E+00,-3.0000000000008E+00
 5.5600000000000E+00,-7.0000000000016E+00,-6.0000000000016E+00,-5.0000000000016E+00
 5.5700000000000E+00,-9.0000000000023E+00,-8.0000000000023E+00,-7.0000000000023E+00
 5.5800000000000E+00,-6.9999999999984E+00,-5.9999999999984E+00,-4.9999999999984E+00
 5.5900000000000E+00,-4.9999999999992E+00,-3.9999999999992E+00,-2.9999999999992E+00
 5.6000000000000E+00,-3.0000000000000E+00,-2.0000000000000E+00,-1.0000000000000E+00
 5.6100000000000E+00,-1.0000000000009E+00,-8.9350749021833E-13, 9.9999999999911E-01
 5.6200000000000E+00, 9.9999999999844E-01, 1.9999999999984E+00, 2.9999999999984E+00
 5.6300000000000E+00, 2.9999999999992E+00, 3.9999999999992E+00, 4.9999999999992E+00
 5.6400000000000E+00, 5.0000000000000E+00, 6.0000000000000E+00, 7.0000000000000E+00
 5.6500000000000E+00, 7.0000000000008E+00, 8.0000000000008E+00, 9.0000000000008E+00
 5.6600000000000E+00, 9.0000000000015E+00, 1.0000000000002E+01, 1.1000000000002E+01
 5.6700000000000E+00, 1.1000000000002E+01, 1.2000000000002E+01, 1.3000000000002E+01
 5.6800000000000E+00, 8.9999999999984E+00, 9.9999999999984E+00, 1.0999999999998E+01
 5.6900000000000E+00, 6.9999999999992E+00, 7.9999999999992E+00, 8.9999999999992E+00
 5.7000000000000E+00, 5.0000000000001E+00, 6.0000000000001E+00, 7.0000000000001E+00
 5.7100000000000E+00, 3.0000000000008E+00, 4.0000000000008E+00, 5.0000000000008E+00
 5.7200000000000E+00, 1.0000000000017E+00, 2.0000000000017E+00, 3.0000000000017E+00
 5.7300000000000E+00,-9.9999999999913E-01, 8.7307938656522E-13, 1.0000000000009E+00
 5.7400000000000E+00,-2.9999999999999E+00,-1.9999999999999E+00,-9.9999999999992E-01
 5.7500000000000E+00,-5.0000000000009E+00,-4.0000000000009E+00,-3.0000000000009E+00
 5.7600000000000E+00,-7.0000000000017E+00,-6.0000000000017E+00,-5.0000000000017E+00
 5.7700000000000E+00,-9.0000000000025E+00,-8.0000000000025E+00,-7.0000000000025E+00
 5.7800000000000E+00,-6.9999999999984E+00,-5.9999999999984E+00,-4.9999999999984E+00
 5.7900000000000E+00,-4.9999999999991E+00,-3.9999999999991E+00,-2.9999999999991E+00
 5.8000000000000E+00,-3.0000000000000E+00,-2.0000000000000E+00,-1.0000000000000E+00
 5.8100000000000E+00,-1.0000000000009E+00,-8.8817841970013E-13, 9.9999999999911E-01
 5.8200000000000E+00, 9.9999999999822E-01, 1.9999999999982E+00, 2.9999999999982E+00
 5.8300000000000E+00, 2.9999999999992E+00, 3.9999999999992E+00, 4.9999999999992E+00
 5.8400000000000E+00, 5.0000000000000E+00, 6.0000000000000E+00, 7.0000000000000E+00
 5.8500000000000E+00, 7.0000000000009E+00, 8.0000000000009E+00, 9.0000000000009E+00
 5.8600000000000E+00, 9.0000000000017E+00, 1.0000000000002E+01, 1.1000000000002E+01
 5.8700000000000E+00, 1.1000000000003E+01, 1.2000000000003E+01, 1.3000000000003E+01
 5.8800000000000E+00, 8.9999999999982E+00, 9.9999999999982E+00, 1.0999999999998E+01
 5.8900000000000E+00, 6.9999999999992E+00, 7.9999999999992E+00, 8.9999999999992E+00
 5.9000000000000E+00, 5.0000000000001E+00, 6.0000000000001E+00, 7.0000000000001E+00
 5.9100000000000E+00, 3.0000000000010E+00, 4.0000000000010E+00, 5.0000000000010E+00
 5.9200000000000E+00, 1.0000000000017E+00, 2.0000000000017E+00, 3.0000000000017E+00
 5.9300000000000E+00,-9.9999999999913E-01, 8.6752827144210E-13, 1.0000000000009E+00
 5.9400000000000E+00,-3.0000000000000E+00,-2.0000000000000E+00,-9.9999999999997E-01
 5.9500000000000E+00,-5.0000000000008E+00,-4.0000000000008E+00,-3.0000000000008E+00
 5.9600000000000E+00,-7.0000000000018E+00,-6.0000000000018E+00,-5.0000000000018E+00
 5.9700000000000E+00,-9.0000000000027E+00,-8.0000000000027E+00,-7.0000000000027E+00
 5.9800000000000E+00,-6.9999999999983E+00,-5.9999999999983E+00,-4.9999999999983E+00
 5.9900000000000E+00,-4.9999999999992E+00,-3.9999999999992E+00,-2.9999999999992E+00
 6.0000000000000E+00,-3.0000000000000E+00,-2.0000000000000E+00,-9.9999999999995E-01
 6.0100000000000E+00,-1.0000000000009E+00,-8.8284934918192E-13, 9.9999999999912E-01
 6.0200000000000E+00, 9.9999999999819E-01, 1.9999999999982E+00, 2.9999999999982E+00
 6.0300000000000E+00, 2.9999999999990E+00, 3.9999999999990E+00, 4.9999999999990E+00
 6.0400000000000E+00, 5.0000000000001E+00, 6.0000000000001E+00, 7.0000000000001E+00
 6.0500000000000E+00, 7.0000000000009E+00, 8.0000000000009E+00, 9.0000000000009E+00
 6.0600000000000E+00, 9.0000000000018E+00, 1.0000000000002E+01, 1.1000000000002E+01
 6.0700000000000E+00, 1.1000000000003E+01, 1.2000000000003E+01, 1.3000000000003E+01
 6.0800000000000E+00, 8.9999999999981E+00, 9.9999999999981E+00, 1.0999999999998E+01
 6.0900000000000E+00, 6.9999999999991E+00, 7.9999999999991E+00, 8.9999999999991E+00
 6.1000000000000E+00, 5.0000000000000E+00, 6.0000000000000E+00, 7.0000000000000E+00
 6.1100000000000E+00, 3.0000000000010E+00, 4.0000000000010E+00, 5.0000000000010E+00
 6.1200000000000E+00, 1.0000000000017E+00, 2.0000000000017E+00, 3.0000000000017E+00
 6.1300000000000E+00,-9.9999999999914E-01, 8.6242124552882E-13, 1.0000000000009E+00
 6.1400000000000E+00,-3.0000000000000E+00,-2.0000000000000E+00,-1.0000000000000E+00
 6.1500000000000E+00,-5.0000000000009E+00,-4.0000000000009E+00,-3.0000000000009E+00
 6.1600000000000E+00,-7.0000000000020E+00,-6.0000000000020E+00,-5.0000000000020E+00
 6.1700000000000E+00,-9.0000000000028E+00,-8.0000000000028E+00,-7.0000000000028E+00
 6.1800000000000E+00,-6.9999999999981E+00,-5.9999999999981E+00,-4.9999999999981E+00
 6.1900000000000E+00,-4.9999999999991E+00,-3.9999999999991E+00,-2.9999999999991E+00
 6.2000000000000E+00,-3.0000000000001E+00,-2.0000000000001E+00,-1.0000000000001E+00
 6.2100000000000E+00,-1.0000000000009E+00,-8.7840845708342E-13, 9.9999999999912E-01
 6.2200000000000E+00, 9.9999999999815E-01, 1.9999999999981E+00, 2.9999999999981E+00
 6.2300000000000E+00, 2.9999999999991E+00, 3.9999999999991E+00, 4.9999999999991E+00
 6.2400000000000E+00, 5.0000000000000E+00, 6.0000000000000E+00, 7.0000000000000E+00
 6.2500000000000E+00, 7.0000000000010E+00, 8.0000000000010E+00, 9.0000000000010E+00
 6.2600000000000E+00, 9.0000000000019E+00, 1.0000000000002E+01, 1.1000000000002E+01
 6.2700000000000E+00, 1.1000000000003E+01, 1.2000000000003E+01, 1.3000000000003E+01
 6.2800000000000E+00, 8.9999999999982E+00, 9.9999999999982E+00, 1.0999999999998E+01
 6.2900000000000E+00, 6.9999999999990E+00, 7.9999999999990E+00, 8.9999999999990E+00
 6.3000000000000E+00, 5.0000000000000E+00, 6.0000000000000E+00, 7.0000000000000E+00
 6.3100000000000E+00, 3.0000000000010E+00, 4.0000000000010E+00, 5.0000000000010E+00
 6.3200000000000E+00, 1.0000000000020E+00, 2.0000000000020E+00, 3.0000000000020E+00
 6.3300000000000E+00,-9.9999999999914E-01, 8.5731421961555E-13, 1.0000000000009E+00
 6.3400000000000E+00,-3.0000000000001E+00,-2.0000000000001E+00,-1.0000000000001E+00
 6.3500000000000E+00,-5.0000000000010E+00,-4.0000000000010E+00,-3.0000000000010E+00
 6.3600000000000E+00,-7.0000000000019E+00,-6.0000000000019E+00,-5.0000000000019E+00
 6.3700000000000E+00,-9.0000000000030E+00,-8.0000000000030E+00,-7.0000000000030E+00
 6.3800000000000E+00,-6.9999999999980E+00,-5.9999999999980E+00,-4.9999999999980E+00
 6.3900000000000E+00,-4.9999999999990E+00,-3.9999999999990E+00,-2.9999999999990E+00
 6.4000000000000E+00,-3.0000000000000E+00,-2.0000000000000E+00,-1.0000000000000E+00
 6.4100000000000E+00,-1.0000000000009E+00,-8.7307938656522E-13, 9.9999999999913E-01
 6.4200000000000E+00, 9.9999999999811E-01, 1.9999999999981E+00, 2.9999999999981E+00
 6.4300000000000E+00, 2.9999999999991E+00, 3.9999999999991E+00, 4.9999999999991E+00
 6.4400000000000E+00, 5.0000000000000E+00, 6.0000000000000E+00, 7.0000000000000E+00
 6.4500000000000E+00, 7.0000000000009E+00, 8.0000000000009E+00, 9.0000000000009E+00
 6.4600000000000E+00, 9.0000000000021E+00, 1.0000000000002E+01, 1.1000000000002E+01
 6.4700000000000E+00, 1.1000000000003E+01, 1.2000000000003E+01, 1.3000000000003E+01
 6.4800000000000E+00, 8.9999999999980E+00, 9.9999999999980E+00, 1.0999999999998E+01
 6.4900000000000E+00, 6.9999999999991E+00, 7.9999999999991E+00, 8.9999999999991E+00
 6.5000000000000E+00, 4.9999999999999E+00, 5.9999999999999E+00, 6.9999999999999E+00
 6.5100000000000E+00, 3.0000000000010E+00, 4.0000000000010E+00, 5.0000000000010E+00
 6.5200000000000E+00, 1.0000000000020E+00, 2.0000000000020E+00, 3.0000000000020E+00
 6.5300000000000E+00,-9.9999999999897E-01, 1.0298428776423E-12, 1.0000000000010E+00
 6.5400000000000E+00,-3.0000000000001E+00,-2.0000000000001E+00,-1.0000000000001E+00
 6.5500000000000E+00,-5.0000000000011E+00,-4.0000000000011E+00,-3.0000000000011E+00
 6.5600000000000E+00,-7.0000000000021E+00,-6.0000000000021E+00,-5.0000000000021E+00
 6.5700000000000E+00,-9.0000000000030E+00,-8.0000000000030E+00,-7.0000000000030E+00
 6.5800000000000E+00,-6.9999999999979E+00,-5.9999999999979E+00,-4.9999999999979E+00
 6.5900000000000E+00,-4.9999999999989E+00,-3.9999999999989E+00,-2.9999999999989E+00
 6.6000000000000E+00,-3.0000000000000E+00,-2.0000000000000E+00,-9.9999999999999E-01
 6.6100000000000E+00,-1.0000000000010E+00,-1.0462741784067E-12, 9.9999999999895E-01
 6.6200000000000E+00, 9.9999999999807E-01, 1.9999999999981E+00, 2.9999999999981E+00
 6.6300000000000E+00, 2.9999999999991E+00, 3.9999999999991E+00, 4.9999999999991E+00
 6.6400000000000E+00, 5.0000000000001E+00, 6.0000000000001E+00, 7.0000000000001E+00
 6.6500000000000E+00, 7.0000000000010E+00, 8.0000000000010E+00, 9.0000000000010E+00
 6.6600000000000E+00, 9.0000000000022E+00, 1.0000000000002E+01, 1.1000000000002E+01
 6.6700000000000E+00, 1.1000000000003E+01, 1.2000000000003E+01, 1.3000000000003E+01
 6.6800000000000E+00, 8.9999999999979E+00, 9.9999999999979E+00, 1.0999999999998E+01
 6.6900000000000E+00, 6.9999999999990E+00, 7.9999999999990E+00, 8.9999999999990E+00
 6.7000000000000E+00, 5.0000000000000E+00, 6.0000000000000E+00, 7.0000000000000E+00
 6.7100000000000E+00, 3.0000000000010E+00, 4.0000000000010E+00, 5.0000000000010E+00
 6.7200000000000E+00, 1.0000000000020E+00, 2.0000000000020E+00, 3.0000000000020E+00
 6.7300000000000E+00,-9.9999999999898E-01, 1.0249578963339E-12, 1.0000000000010E+00
 6.7400000000000E+00,-3.0000000000000E+00,-2.0000000000000E+00,-9.9999999999999E-01
 6.7500000000000E+00,-5.0000000000012E+00,-4.0000000000012E+00,-3.0000000000012E+00
 6.7600000000000E+00,-7.0000000000022E+00,-6.0000000000022E+00,-5.0000000000022E+00
 6.7700000000000E+00,-9.0000000000032E+00,-8.0000000000032E+00,-7.0000000000032E+00
 6.7800000000000E+00,-6.9999999999979E+00,-5.9999999999979E+00,-4.9999999999979E+00
 6.7900000000000E+00,-4.9999999999988E+00,-3.9999999999988E+00,-2.9999999999988E+00
 6.8000000000000E+00,-2.9999999999999E+00,-1.9999999999999E+00,-9.9999999999994E-01
 6.8100000000000E+00,-1.0000000000010E+00,-1.0400569294688E-12, 9.9999999999896E-01
 6.8200000000000E+00, 9.9999999999786E-01, 1.9999999999979E+00, 2.9999999999979E+00
 6.8300000000000E+00, 2.9999999999991E+00, 3.9999999999991E+00, 4.9999999999991E+00
 6.8400000000000E+00, 5.0000000000001E+00, 6.0000000000001E+00, 7.0000000000001E+00
 6.8500000000000E+00, 7.0000000000011E+00, 8.0000000000011E+00, 9.0000000000011E+00
 6.8600000000000E+00, 9.0000000000022E+00, 1.0000000000002E+01, 1.1000000000002E+01
 6.8700000000000E+00, 1.1000000000003E+01, 1.2000000000003E+01, 1.3000000000003E+01
 6.8800000000000E+00, 8.9999999999978E+00, 9.9999999999978E+00, 1.0999999999998E+01
 6.8900000000000E+00, 6.9999999999989E+00, 7.9999999999989E+00, 8.9999999999989E+00
 6.9000000000000E+00, 5.0000000000000E+00, 6.0000000000000E+00, 7.0000000000000E+00
 6.9100000000000E+00, 3.0000000000009E+00, 4.0000000000009E+00, 5.0000000000009E+00
 6.9200000000000E+00, 1.0000000000021E+00, 2.0000000000021E+00, 3.0000000000021E+00
 6.9300000000000E+00,-9.9999999999898E-01, 1.0198508704207E-12, 1.0000000000010E+00
 6.9400000000000E+00,-3.0000000000000E+00,-2.0000000000000E+00,-1.0000000000000E+00
 6.9500000000000E+00,-5.0000000000011E+00,-4.0000000000011E+00,-3.0000000000011E+00
 6.9600000000000E+00,-7.0000000000023E+00,-6.0000000000023E+00,-5.0000000000023E+00
 6.9700000000000E+00,-9.0000000000034E+00,-8.0000000000034E+00,-7.0000000000034E+00
 6.9800000000000E+00,-6.9999999999978E+00,-5.9999999999978E+00,-4.9999999999978E+00
 6.9900000000000E+00,-4.9999999999989E+00,-3.9999999999989E+00,-2.9999999999989E+00
 7.0000000000000E+00,-2.9999999999999E+00,-1.9999999999999E+00,-9.9999999999989E-01
 7.0100000000000E+00,-1.0000000000010E+00,-1.0347278589506E-12, 9.9999999999897E-01
 7.0200000000000E+00, 9.9999999999782E-01, 1.9999999999978E+00, 2.9999999999978E+00
 7.0300000000000E+00, 2.9999999999989E+00, 3.9999999999989E+00, 4.9999999999989E+00
 7.0400000000000E+00, 5.0000000000001E+00, 6.0000000000001E+00, 7.0000000000001E+00
 7.0500000000000E+00, 7.0000000000012E+00, 8.0000000000012E+00, 9.0000000000012E+00
 7.0600000000000E+00, 9.0000000000023E+00, 1.0000000000002E+01, 1.1000000000002E+01
 7.0700000000000E+00, 1.1000000000003E+01, 1.2000000000003E+01, 1.3000000000003E+01
 7.0800000000000E+00, 8.9999999999976E+00, 9.9999999999976E+00, 1.0999999999998E+01
 7.0900000000000E+00, 6.9999999999988E+00, 7.9999999999988E+00, 8.9999999999988E+00
 7.1000000000000E+00, 5.0000000000000E+00, 6.0000000000000E+00, 7.0000000000000E+00
 7.1100000000000E+00, 3.0000000000011E+00, 4.0000000000011E+00, 5.0000000000011E+00
 7.1200000000000E+00, 1.0000000000021E+00, 2.0000000000021E+00, 3.0000000000021E+00
 7.1300000000000E+00,-9.9999999999899E-01, 1.0147438445074E-12, 1.0000000000010E+00
 7.1400000000000E+00,-3.0000000000001E+00,-2.0000000000001E+00,-1.0000000000001E+00
 7.1500000000000E+00,-5.0000000000012E+00,-4.0000000000012E+00,-3.0000000000012E+00
 7.1600000000000E+00,-7.0000000000025E+00,-6.0000000000025E+00,-5.0000000000025E+00
 7.1700000000000E+00,-9.0000000000036E+00,-8.0000000000036E+00,-7.0000000000036E+00
 7.1800000000000E+00,-6.9999999999976E+00,-5.9999999999976E+00,-4.9999999999976E+00
 7.1900000000000E+00,-4.9999999999988E+00,-3.9999999999988E+00,-2.9999999999988E+00
 7.2000000000000E+00,-3.0000000000000E+00,-2.0000000000000E+00,-1.0000000000000E+00
 7.2100000000000E+00,-1.0000000000010E+00,-1.0302869668521E-12, 9.9999999999897E-01
 7.2200000000000E+00, 9.9999999999778E-01, 1.9999999999978E+00, 2.9999999999978E+00
 7.2300000000000E+00, 2.9999999999989E+00, 3.9999999999989E+00, 4.9999999999989E+00
 7.2400000000000E+00, 5.0000000000000E+00, 6.0000000000000E+00, 7.0000000000000E+00
 7.2500000000000E+00, 7.0000000000013E+00, 8.0000000000013E+00, 9.0000000000013E+00
 7.2600000000000E+00, 9.0000000000024E+00, 1.0000000000002E+01, 1.1000000000002E+01
 7.2700000000000E+00, 1.1000000000004E+01, 1.2000000000004E+01, 1.3000000000004E+01
 7.2800000000000E+00, 8.9999999999977E+00, 9.9999999999977E+00, 1.0999999999998E+01
 7.2900000000000E+00, 6.9999999999987E+00, 7.9999999999987E+00, 8.9999999999987E+00
 7.3000000000000E+00, 4.9999999999999E+00, 5.9999999999999E+00, 6.9999999999999E+00
 7.3100000000000E+00, 3.0000000000011E+00, 4.0000000000011E+00, 5.0000000000011E+00
 7.3200000000000E+00, 1.0000000000023E+00, 2.0000000000023E+00, 3.0000000000023E+00
 7.3300000000000E+00,-9.9999999999899E-01, 1.0096368185941E-12, 1.0000000000010E+00
 7.3400000000000E+00,-3.0000000000001E+00,-2.0000000000001E+00,-1.0000000000001E+00
 7.3500000000000E+00,-5.0000000000013E+00,-4.0000000000013E+00,-3.0000000000013E+00
 7.3600000000000E+00,-7.0000000000024E+00,-6.0000000000024E+00,-5.0000000000024E+00
 7.3700000000000E+00,-9.0000000000037E+00,-8.0000000000037E+00,-7.0000000000037E+00
 7.3800000000000E+00,-6.9999999999975E+00,-5.9999999999975E+00,-4.9999999999975E+00
 7.3900000000000E+00,-4.9999999999987E+00,-3.9999999999987E+00,-2.9999999999987E+00
 7.4000000000000E+00,-3.0000000000000E+00,-2.0000000000000E+00,-9.9999999999997E-01
 7.4100000000000E+00,-1.0000000000010E+00,-1.0249578963339E-12, 9.9999999999898E-01
 7.4200000000000E+00, 9.9999999999774E-01, 1.9999999999977E+00, 2.9999999999977E+00
 7.4300000000000E+00, 2.9999999999989E+00, 3.9999999999989E+00, 4.9999999999989E+00
 7.4400000000000E+00, 5.0000000000001E+00, 6.0000000000001E+00, 7.0000000000001E+00
 7.4500000000000E+00, 7.0000000000012E+00, 8.0000000000012E+00, 9.0000000000012E+00
 7.4600000000000E+00, 9.0000000000026E+00, 1.0000000000003E+01, 1.1000000000003E+01
 7.4700000000000E+00, 1.1000000000004E+01, 1.2000000000004E+01, 1.3000000000004E+01
 7.4800000000000E+00, 8.9999999999975E+00, 9.9999999999975E+00, 1.0999999999998E+01
 7.4900000000000E+00, 6.9999999999988E+00, 7.9999999999988E+00, 8.9999999999988E+00
 7.5000000000000E+00, 4.9999999999999E+00, 5.9999999999999E+00, 6.9999999999999E+00
 7.5100000000000E+00, 3.0000000000011E+00, 4.0000000000011E+00, 5.0000000000011E+00
 7.5200000000000E+00, 1.0000000000024E+00, 2.0000000000024E+00, 3.0000000000024E+00
 7.5300000000000E+00,-9.9999999999882E-01, 1.1817213874110E-12, 1.0000000000012E+00
 7.5400000000000E+00,-3.0000000000002E+00,-2.0000000000002E+00,-1.0000000000002E+00
 7.5500000000000E+00,-5.0000000000014E+00,-4.0000000000014E+00,-3.0000000000014E+00
 7.5600000000000E+00,-7.0000000000025E+00,-6.0000000000025E+00,-5.0000000000025E+00
 7.5700000000000E+00,-9.0000000000037E+00,-8.0000000000037E+00,-7.0000000000037E+00
 7.5800000000000E+00,-6.9999999999974E+00,-5.9999999999974E+00,-4.9999999999974E+00
 7.5900000000000E+00,-4.9999999999986E+00,-3.9999999999986E+00,-2.9999999999986E+00
 7.6000000000000E+00,-2.9999999999999E+00,-1.9999999999999E+00,-9.9999999999992E-01
 7.6100000000000E+00,-1.0000000000012E+00,-1.1972645097558E-12, 9.9999999999880E-01
 7.6200000000000E+00, 9.9999999999770E-01, 1.9999999999977E+00, 2.9999999999977E+00
 7.6300000000000E+00, 2.9999999999989E+00, 3.9999999999989E+00, 4.9999999999989E+00
 7.6400000000000E+00, 5.0000000000001E+00, 6.0000000000001E+00, 7.0000000000001E+00
 7.6500000000000E+00, 7.0000000000013E+00, 8.0000000000013E+00, 9.0000000000013E+00
 7.6600000000000E+00, 9.0000000000027E+00, 1.0000000000003E+01, 1.1000000000003E+01
 7.6700000000000E+00, 1.1000000000004E+01, 1.2000000000004E+01, 1.3000000000004E+01
 7.6800000000000E+00, 8.9999999999974E+00, 9.9999999999974E+00, 1.0999999999997E+01
 7.6900000000000E+00, 6.9999999999988E+00, 7.9999999999988E+00, 8.9999999999988E+00
 7.7000000000000E+00, 5.0000000000002E+00, 6.0000000000002E+00, 7.0000000000002E+00
 7.7100000000000E+00, 3.0000000000013E+00, 4.0000000000013E+00, 5.0000000000013E+00
 7.7200000000000E+00, 1.0000000000027E+00, 2.0000000000027E+00, 3.0000000000027E+00
 7.7300000000000E+00,-9.9999999999860E-01, 1.4039880369410E-12, 1.0000000000014E+00
 7.7400000000000E+00,-2.9999999999999E+00,-1.9999999999999E+00,-9.9999999999988E-01
 7.7500000000000E+00,-5.0000000000013E+00,-4.0000000000013E+00,-3.0000000000013E+00
 7.7600000000000E+00,-7.0000000000026E+00,-6.0000000000026E+00,-5.0000000000026E+00
 7.7700000000000E+00,-9.0000000000039E+00,-8.0000000000039E+00,-7.0000000000039E+00
 7.7800000000000E+00,-6.9999999999975E+00,-5.9999999999975E+00,-4.9999999999975E+00
 7.7900000000000E+00,-4.9999999999987E+00,-3.9999999999987E+00,-2.9999999999987E+00
 7.8000000000000E+00,-3.0000000000000E+00,-2.0000000000000E+00,-1.0000000000000E+00
 7.8100000000000E+00,-1.0000000000014E+00,-1.4201972931005E-12, 9.9999999999858E-01
 7.8200000000000E+00, 9.9999999999720E-01, 1.9999999999972E+00, 2.9999999999972E+00
 7.8300000000000E+00, 2.9999999999987E+00, 3.9999999999987E+00, 4.9999999999987E+00
 7.8400000000000E+00, 5.0000000000000E+00, 6.0000000000000E+00, 7.0000000000000E+00
 7.8500000000000E+00, 7.0000000000013E+00, 8.0000000000013E+00, 9.0000000000013E+00
 7.8600000000000E+00, 9.0000000000026E+00, 1.0000000000003E+01, 1.1000000000003E+01
 7.8700000000000E+00, 1.1000000000004E+01, 1.2000000000004E+01, 1.3000000000004E+01
 7.8800000000000E+00, 8.9999999999973E+00, 9.9999999999973E+00, 1.0999999999997E+01
 7.8900000000000E+00, 6.9999999999987E+00, 7.9999999999987E+00, 8.9999999999987E+00
 7.9000000000000E+00, 5.0000000000001E+00, 6.0000000000001E+00, 7.0000000000001E+00
 7.9100000000000E+00, 3.0000000000013E+00, 4.0000000000013E+00, 5.0000000000013E+00
 7.9200000000000E+00, 1.0000000000027E+00, 2.0000000000027E+00, 3.0000000000027E+00
 7.9300000000000E+00,-9.9999999999860E-01, 1.3988810110277E-12, 1.0000000000014E+00
 7.9400000000000E+00,-2.9999999999999E+00,-1.9999999999999E+00,-9.9999999999993E-01
 7.9500000000000E+00,-5.0000000000014E+00,-4.0000000000014E+00,-3.0000000000014E+00
 7.9600000000000E+00,-7.0000000000028E+00,-6.0000000000028E+00,-5.0000000000028E+00
 7.9700000000000E+00,-9.0000000000041E+00,-8.0000000000041E+00,-7.0000000000041E+00
 7.9800000000000E+00,-6.9999999999973E+00,-5.9999999999973E+00,-4.9999999999973E+00
 7.9900000000000E+00,-4.9999999999988E+00,-3.9999999999988E+00,-2.9999999999988E+00
 8.0000000000000E+00,-3.0000000000000E+00,-2.0000000000000E+00,-9.9999999999999E-01
 8.0100000000000E+00,-1.0000000000014E+00,-1.4148682225823E-12, 9.9999999999859E-01
 8.0200000000000E+00, 9.9999999999717E-01, 1.9999999999972E+00, 2.9999999999972E+00
 8.0300000000000E+00, 2.9999999999985E+00, 3.9999999999985E+00, 4.9999999999985E+00
 8.0400000000000E+00, 4.9999999999999E+00, 5.9999999999999E+00, 6.9999999999999E+00
 8.0500000000000E+00, 7.0000000000012E+00, 8.0000000000012E+00, 9.0000000000012E+00
 8.0600000000000E+00, 9.0000000000029E+00, 1.0000000000003E+01, 1.1000000000003E+01
 8.0700000000000E+00, 1.1000000000004E+01, 1.2000000000004E+01, 1.3000000000004E+01
 8.0800000000000E+00, 8.9999999999966E+00, 9.9999999999966E+00, 1.0999999999997E+01
 8.0900000000000E+00, 6.9999999999976E+00, 7.9999999999976E+00, 8.9999999999976E+00
 8.1000000000000E+00, 4.9999999999985E+00, 5.9999999999985E+00, 6.9999999999985E+00
 8.1100000000000E+00, 2.9999999999994E+00, 3.9999999999994E+00, 4.9999999999994E+00
 8.1200000000000E+00, 1.0000000000003E+00, 2.0000000000003E+00, 3.0000000000003E+00
 8.1300000000000E+00,-1.0000000000005E+00,-4.8938630925477E-13, 9.9999999999951E-01
 8.1400000000000E+00,-3.0000000000016E+00,-2.0000000000016E+00,-1.0000000000016E+00
 8.1500000000000E+00,-5.0000000000024E+00,-4.0000000000024E+00,-3.0000000000024E+00
 8.1600000000000E+00,-7.0000000000031E+00,-6.0000000000031E+00,-5.0000000000031E+00
 8.1700000000000E+00,-9.0000000000039E+00,-8.0000000000039E+00,-7.0000000000039E+00
 8.1800000000000E+00,-6.9999999999969E+00,-5.9999999999969E+00,-4.9999999999969E+00
 8.1900000000000E+00,-4.9999999999977E+00,-3.9999999999977E+00,-2.9999999999977E+00
 8.2000000000000E+00,-2.9999999999985E+00,-1.9999999999985E+00,-9.9999999999854E-01
 8.2100000000000E+00,-9.9999999999936E-01, 6.4304117586289E-13, 1.0000000000006E+00
 8.2200000000000E+00, 9.9999999999983E-01, 1.9999999999998E+00, 2.9999999999998E+00
 8.2300000000000E+00, 3.0000000000009E+00, 4.0000000000009E+00, 5.0000000000009E+00
 8.2400000000000E+00, 5.0000000000015E+00, 6.0000000000015E+00, 7.0000000000015E+00
 8.2500000000000E+00, 7.0000000000022E+00, 8.0000000000022E+00, 9.0000000000022E+00
 8.2600000000000E+00, 9.0000000000029E+00, 1.0000000000003E+01, 1.1000000000003E+01
 8.2700000000000E+00, 1.1000000000004E+01, 1.2000000000004E+01, 1.3000000000004E+01
 8.2800000000000E+00, 8.9999999999972E+00, 9.9999999999972E+00, 1.0999999999997E+01
 8.2900000000000E+00, 6.9999999999979E+00, 7.9999999999979E+00, 8.9999999999979E+00
 8.3000000000000E+00, 4.9999999999986E+00, 5.9999999999986E+00, 6.9999999999986E+00
 8.3100000000000E+00, 2.9999999999990E+00, 3.9999999999990E+00, 4.9999999999990E+00
 8.3200000000000E+00, 9.9999999999971E-01, 1.9999999999997E+00, 2.9999999999997E+00
 8.3300000000000E+00,-1.0000000000009E+00,-8.7041485130612E-13, 9.9999999999913E-01
 8.3400000000000E+00,-3.0000000000015E+00,-2.0000000000015E+00,-1.0000000000015E+00
 8.3500000000000E+00,-5.0000000000020E+00,-4.0000000000020E+00,-3.0000000000020E+00
 8.3600000000000E+00,-7.0000000000026E+00,-6.0000000000026E+00,-5.0000000000026E+00
 8.3700000000000E+00,-9.0000000000032E+00,-8.0000000000032E+00,-7.0000000000032E+00
 8.3800000000000E+00,-6.9999999999974E+00,-5.9999999999974E+00,-4.9999999999974E+00
 8.3900000000000E+00,-4.9999999999977E+00,-3.9999999999977E+00,-2.9999999999977E+00
 8.4000000000000E+00,-2.9999999999983E+00,-1.9999999999983E+00,-9.9999999999834E-01
 8.4100000000000E+00,-9.9999999999898E-01, 1.0249578963339E-12, 1.0000000000010E+00
 8.4200000000000E+00, 1.0000000000004E+00, 2.0000000000004E+00, 3.0000000000004E+00
 8.4300000000000E+00, 3.0000000000009E+00, 4.0000000000009E+00, 5.0000000000009E+00
 8.4400000000000E+00, 5.0000000000014E+00, 6.0000000000014E+00, 7.0000000000014E+00
 8.4500000000000E+00, 7.0000000000019E+00, 8.0000000000019E+00, 9.0000000000019E+00
 8.4600000000000E+00, 9.0000000000024E+00, 1.0000000000002E+01, 1.1000000000002E+01
 8.4700000000000E+00, 1.1000000000003E+01, 1.2000000000003E+01, 1.3000000000003E+01
 8.4800000000000E+00, 8.9999999999973E+00, 9.9999999999973E+00, 1.0999999999997E+01
 8.4900000000000E+00, 6.9999999999979E+00, 7.9999999999979E+00, 8.9999999999979E+00
 8.5000000000000E+00, 4.9999999999984E+00, 5.9999999999984E+00, 6.9999999999984E+00
 8.5100000000000E+00, 2.9999999999990E+00, 3.9999999999990E+00, 4.9999999999990E+00
 8.5200000000000E+00, 9.9999999999950E-01, 1.9999999999995E+00, 2.9999999999995E+00
 8.5300000000000E+00,-1.0000000000009E+00,-8.9750429310698E-13, 9.9999999999910E-01
 8.5400000000000E+00,-3.0000000000013E+00,-2.0000000000013E+00,-1.0000000000013E+00
 8.5500000000000E+00,-5.0000000000017E+00,-4.0000000000017E+00,-3.0000000000017E+00
 8.5600000000000E+00,-7.0000000000024E+00,-6.0000000000024E+00,-5.0000000000024E+00
 8.5700000000000E+00,-9.0000000000028E+00,-8.0000000000028E+00,-7.0000000000028E+00
 8.5800000000000E+00,-6.9999999999976E+00,-5.9999999999976E+00,-4.9999999999976E+00
 8.5900000000000E+00,-4.9999999999981E+00,-3.9999999999981E+00,-2.9999999999981E+00
 8.6000000000000E+00,-2.9999999999985E+00,-1.9999999999985E+00,-9.9999999999850E-01
 8.6100000000000E+00,-9.9999999999895E-01, 1.0516032489249E-12, 1.0000000000011E+00
 8.6200000000000E+00, 1.0000000000006E+00, 2.0000000000006E+00, 3.0000000000006E+00
 8.6300000000000E+00, 3.0000000000009E+00, 4.0000000000009E+00, 5.0000000000009E+00
 8.6400000000000E+00, 5.0000000000016E+00, 6.0000000000016E+00, 7.0000000000016E+00
 8.6500000000000E+00, 7.0000000000019E+00, 8.0000000000019E+00, 9.0000000000019E+00
 8.6600000000000E+00, 9.0000000000022E+00, 1.0000000000002E+01, 1.1000000000002E+01
 8.6700000000000E+00, 1.1000000000002E+01, 1.2000000000002E+01, 1.3000000000002E+01
 8.6800000000000E+00, 8.9999999999979E+00, 9.9999999999979E+00, 1.0999999999998E+01
 8.6900000000000E+00, 6.9999999999982E+00, 7.9999999999982E+00, 8.9999999999982E+00
 8.7000000000000E+00, 4.9999999999986E+00, 5.9999999999986E+00, 6.9999999999986E+00
 8.7100000000000E+00, 2.9999999999989E+00, 3.9999999999989E+00, 4.9999999999989E+00
 8.7200000000000E+00, 9.9999999999893E-01, 1.9999999999989E+00, 2.9999999999989E+00
 8.7300000000000E+00,-1.0000000000013E+00,-1.2789769243682E-12, 9.9999999999872E-01
 8.7400000000000E+00,-3.0000000000015E+00,-2.0000000000015E+00,-1.0000000000015E+00
 8.7500000000000E+00,-5.0000000000017E+00,-4.0000000000017E+00,-3.0000000000017E+00
 8.7600000000000E+00,-7.0000000000019E+00,-6.0000000000019E+00,-5.0000000000019E+00
 8.7700000000000E+00,-9.0000000000021E+00,-8.0000000000021E+00,-7.0000000000021E+00
 8.7800000000000E+00,-6.9999999999981E+00,-5.9999999999981E+00,-4.9999999999981E+00
 8.7900000000000E+00,-4.9999999999984E+00,-3.9999999999984E+00,-2.9999999999984E+00
 8.8000000000000E+00,-2.9999999999987E+00,-1.9999999999987E+00,-9.9999999999866E-01
 8.8100000000000E+00,-9.9999999999857E-01, 1.4335199693960E-12, 1.0000000000014E+00
 8.8200000000000E+00, 1.0000000000012E+00, 2.0000000000012E+00, 3.0000000000012E+00
 8.8300000000000E+00, 3.0000000000013E+00, 4.0000000000013E+00, 5.0000000000013E+00
 8.8400000000000E+00, 5.0000000000014E+00, 6.0000000000014E+00, 7.0000000000014E+00
 8.8500000000000E+00, 7.0000000000015E+00, 8.0000000000015E+00, 9.0000000000015E+00
 8.8600000000000E+00, 9.0000000000017E+00, 1.0000000000002E+01, 1.1000000000002E+01
 8.8700000000000E+00, 1.1000000000002E+01, 1.2000000000002E+01, 1.3000000000002E+01
 8.8800000000000E+00, 8.9999999999984E+00, 9.9999999999984E+00, 1.0999999999998E+01
 8.8900000000000E+00, 6.9999999999982E+00, 7.9999999999982E+00, 8.9999999999982E+00
 8.9000000000000E+00, 4.9999999999984E+00, 5.9999999999984E+00, 6.9999999999984E+00
 8.9100000000000E+00, 2.9999999999986E+00, 3.9999999999986E+00, 4.9999999999986E+00
 8.9200000000000E+00, 9.9999999999872E-01, 1.9999999999987E+00, 2.9999999999987E+00
 8.9300000000000E+00,-1.0000000000013E+00,-1.3056222769592E-12, 9.9999999999869E-01
 8.9400000000000E+00,-3.0000000000013E+00,-2.0000000000013E+00,-1.0000000000013E+00
 8.9500000000000E+00,-5.0000000000014E+00,-4.0000000000014E+00,-3.0000000000014E+00
 8.9600000000000E+00,-7.0000000000014E+00,-6.0000000000014E+00,-5.0000000000014E+00
 8.9700000000000E+00,-9.0000000000018E+00,-8.0000000000018E+00,-7.0000000000018E+00
 8.9800000000000E+00,-6.9999999999983E+00,-5.9999999999983E+00,-4.9999999999983E+00
 8.9900000000000E+00,-4.9999999999984E+00,-3.9999999999984E+00,-2.9999999999984E+00
 9.0000000000000E+00,-2.9999999999985E+00,-1.9999999999985E+00,-9.9999999999846E-01
 9.0100000000000E+00,-9.9999999999854E-01, 1.4601653219870E-12, 1.0000000000015E+00
 9.0200000000000E+00, 1.0000000000014E+00, 2.0000000000014E+00, 3.0000000000014E+00
 9.0300000000000E+00, 3.0000000000013E+00, 4.0000000000013E+00, 5.0000000000013E+00
 9.0400000000000E+00, 5.0000000000013E+00, 6.0000000000013E+00, 7.0000000000013E+00
 9.0500000000000E+00, 7.0000000000012E+00, 8.0000000000012E+00, 9.0000000000012E+00
 9.0600000000000E+00, 9.0000000000015E+00, 1.0000000000001E+01, 1.1000000000001E+01
 9.0700000000000E+00, 1.1000000000001E+01, 1.2000000000001E+01, 1.3000000000001E+01
 9.0800000000000E+00, 8.9999999999986E+00, 9.9999999999986E+00, 1.0999999999999E+01
 9.0900000000000E+00, 6.9999999999986E+00, 7.9999999999986E+00, 8.9999999999986E+00
 9.1000000000000E+00, 4.9999999999985E+00, 5.9999999999985E+00, 6.9999999999985E+00
 9.1100000000000E+00, 2.9999999999985E+00, 3.9999999999985E+00, 4.9999999999985E+00
 9.1200000000000E+00, 9.9999999999851E-01, 1.9999999999985E+00, 2.9999999999985E+00
 9.1300000000000E+00,-1.0000000000013E+00,-1.3322676295502E-12, 9.9999999999867E-01
 9.1400000000000E+00,-3.0000000000015E+00,-2.0000000000015E+00,-1.0000000000015E+00
 9.1500000000000E+00,-5.0000000000014E+00,-4.0000000000014E+00,-3.0000000000014E+00
 9.1600000000000E+00,-7.0000000000012E+00,-6.0000000000012E+00,-5.0000000000012E+00
 9.1700000000000E+00,-9.0000000000011E+00,-8.0000000000011E+00,-7.0000000000011E+00
 9.1800000000000E+00,-6.9999999999988E+00,-5.9999999999988E+00,-4.9999999999988E+00
 9.1900000000000E+00,-4.9999999999987E+00,-3.9999999999987E+00,-2.9999999999987E+00
 9.2000000000000E+00,-2.9999999999986E+00,-1.9999999999986E+00,-9.9999999999862E-01
 9.2100000000000E+00,-9.9999999999851E-01, 1.4868106745780E-12, 1.0000000000015E+00
 9.2200000000000E+00, 1.0000000000019E+00, 2.0000000000019E+00, 3.0000000000019E+00
 9.2300000000000E+00, 3.0000000000017E+00, 4.0000000000017E+00, 5.0000000000017E+00
 9.2400000000000E+00, 5.0000000000015E+00, 6.0000000000015E+00, 7.0000000000015E+00
 9.2500000000000E+00, 7.0000000000012E+00, 8.0000000000012E+00, 9.0000000000012E+00
 9.2600000000000E+00, 9.0000000000010E+00, 1.0000000000001E+01, 1.1000000000001E+01
 9.2700000000000E+00, 1.1000000000001E+01, 1.2000000000001E+01, 1.3000000000001E+01
 9.2800000000000E+00, 8.9999999999991E+00, 9.9999999999991E+00, 1.0999999999999E+01
 9.2900000000000E+00, 6.9999999999989E+00, 7.9999999999989E+00, 8.9999999999989E+00
 9.3000000000000E+00, 4.9999999999987E+00, 5.9999999999987E+00, 6.9999999999987E+00
 9.3100000000000E+00, 2.9999999999981E+00, 3.9999999999981E+00, 4.9999999999981E+00
 9.3200000000000E+00, 9.9999999999795E-01, 1.9999999999979E+00, 2.9999999999979E+00
 9.3300000000000E+00,-1.0000000000017E+00,-1.7137402608114E-12, 9.9999999999829E-01
 9.3400000000000E+00,-3.0000000000014E+00,-2.0000000000014E+00,-1.0000000000014E+00
 9.3500000000000E+00,-5.0000000000010E+00,-4.0000000000010E+00,-3.0000000000010E+00
 9.3600000000000E+00,-7.0000000000007E+00,-6.0000000000007E+00,-5.0000000000007E+00
 9.3700000000000E+00,-9.0000000000004E+00,-8.0000000000004E+00,-7.0000000000004E+00
 9.3800000000000E+00,-6.9999999999994E+00,-5.9999999999994E+00,-4.9999999999994E+00
 9.3900000000000E+00,-4.9999999999987E+00,-3.9999999999987E+00,-2.9999999999987E+00
 9.4000000000000E+00,-2.9999999999984E+00,-1.9999999999984E+00,-9.9999999999842E-01
 9.4100000000000E+00,-9.9999999999813E-01, 1.8687273950491E-12, 1.0000000000019E+00
 9.4200000000000E+00, 1.0000000000022E+00, 2.0000000000022E+00, 3.0000000000022E+00
 9.4300000000000E+00, 3.0000000000017E+00, 4.0000000000017E+00, 5.0000000000017E+00
 9.4400000000000E+00, 5.0000000000013E+00, 6.0000000000013E+00, 7.0000000000013E+00
 9.4500000000000E+00, 7.0000000000009E+00, 8.0000000000009E+00, 9.0000000000009E+00
 9.4600000000000E+00, 9.0000000000004E+00, 1.0000000000000E+01, 1.1000000000000E+01
 9.4700000000000E+00, 1.1000000000000E+01, 1.2000000000000E+01, 1.3000000000000E+01
 9.4800000000000E+00, 8.9999999999993E+00, 9.9999999999993E+00, 1.0999999999999E+01
 9.4900000000000E+00, 6.9999999999989E+00, 7.9999999999989E+00, 8.9999999999989E+00
 9.5000000000000E+00, 4.9999999999985E+00, 5.9999999999985E+00, 6.9999999999985E+00
 9.5100000000000E+00, 2.9999999999981E+00, 3.9999999999981E+00, 4.9999999999981E+00
 9.5200000000000E+00, 9.9999999999774E-01, 1.9999999999977E+00, 2.9999999999977E+00
 9.5300000000000E+00,-1.0000000000017E+00,-1.7399415241925E-12, 9.9999999999826E-01
 9.5400000000000E+00,-3.0000000000012E+00,-2.0000000000012E+00,-1.0000000000012E+00
 9.5500000000000E+00,-5.0000000000007E+00,-4.0000000000007E+00,-3.0000000000007E+00
 9.5600000000000E+00,-7.0000000000005E+00,-6.0000000000005E+00,-5.0000000000005E+00
 9.5700000000000E+00,-9.0000000000000E+00,-8.0000000000000E+00,-7.0000000000000E+00
 9.5800000000000E+00,-6.9999999999995E+00,-5.9999999999995E+00,-4.9999999999995E+00
 9.5900000000000E+00,-4.9999999999991E+00,-3.9999999999991E+00,-2.9999999999991E+00
 9.6000000000000E+00,-2.9999999999986E+00,-1.9999999999986E+00,-9.9999999999858E-01
 9.6100000000000E+00,-9.9999999999810E-01, 1.8953727476401E-12, 1.0000000000019E+00
 9.6200000000000E+00, 1.0000000000024E+00, 2.0000000000024E+00, 3.0000000000024E+00
 9.6300000000000E+00, 3.0000000000018E+00, 4.0000000000018E+00, 5.0000000000018E+00
 9.6400000000000E+00, 5.0000000000015E+00, 6.0000000000015E+00, 7.0000000000015E+00
 9.6500000000000E+00, 7.0000000000009E+00, 8.0000000000009E+00, 9.0000000000009E+00
 9.6600000000000E+00, 9.0000000000003E+00, 1.0000000000000E+01, 1.1000000000000E+01
 9.6700000000000E+00, 1.1000000000000E+01, 1.2000000000000E+01, 1.3000000000000E+01
 9.6800000000000E+00, 8.9999999999998E+00, 9.9999999999998E+00, 1.1000000000000E+01
 9.6900000000000E+00, 6.9999999999992E+00, 7.9999999999992E+00, 8.9999999999992E+00
 9.7000000000000E+00, 4.9999999999987E+00, 5.9999999999987E+00, 6.9999999999987E+00
 9.7100000000000E+00, 2.9999999999981E+00, 3.9999999999981E+00, 4.9999999999981E+00
 9.7200000000000E+00, 9.9999999999717E-01, 1.9999999999972E+00, 2.9999999999972E+00
 9.7300000000000E+00,-1.0000000000021E+00,-2.1218582446636E-12, 9.9999999999788E-01
 9.7400000000000E+00,-3.0000000000014E+00,-2.0000000000014E+00,-1.0000000000014E+00
 9.7500000000000E+00,-5.0000000000007E+00,-4.0000000000007E+00,-3.0000000000007E+00
 9.7600000000000E+00,-7.0000000000000E+00,-6.0000000000000E+00,-5.0000000000000E+00
 9.7700000000000E+00,-8.9999999999993E+00,-7.9999999999993E+00,-6.9999999999993E+00
 9.7800000000000E+00,-7.0000000000001E+00,-6.0000000000001E+00,-5.0000000000001E+00
 9.7900000000000E+00,-4.9999999999994E+00,-3.9999999999994E+00,-2.9999999999994E+00
 9.8000000000000E+00,-2.9999999999987E+00,-1.9999999999987E+00,-9.9999999999874E-01
 9.8100000000000E+00,-9.9999999999772E-01, 2.2772894681111E-12, 1.0000000000023E+00
 9.8200000000000E+00, 1.0000000000029E+00, 2.0000000000029E+00, 3.0000000000029E+00
 9.8300000000000E+00, 3.0000000000021E+00, 4.0000000000021E+00, 5.0000000000021E+00
 9.8400000000000E+00, 5.0000000000013E+00, 6.0000000000013E+00, 7.0000000000013E+00
 9.8500000000000E+00, 7.0000000000005E+00, 8.0000000000005E+00, 9.0000000000005E+00
 9.8600000000000E+00, 8.9999999999997E+00, 9.9999999999997E+00, 1.1000000000000E+01
 9.8700000000000E+00, 1.0999999999999E+01, 1.1999999999999E+01, 1.2999999999999E+01
 9.8800000000000E+00, 9.0000000000003E+00, 1.0000000000000E+01, 1.1000000000000E+01
 9.8900000000000E+00, 6.9999999999992E+00, 7.9999999999992E+00, 8.9999999999992E+00
 9.9000000000000E+00, 4.9999999999985E+00, 5.9999999999985E+00, 6.9999999999985E+00
 9.9100000000000E+00, 2.9999999999977E+00, 3.9999999999977E+00, 4.9999999999977E+00
 9.9200000000000E+00, 9.9999999999696E-01, 1.9999999999970E+00, 2.9999999999970E+00
 9.9300000000000E+00,-1.0000000000021E+00,-2.1480595080448E-12, 9.9999999999785E-01
 9.9400000000000E+00,-3.0000000000013E+00,-2.0000000000013E+00,-1.0000000000013E+00
 9.9500000000000E+00,-5.0000000000004E+00,-4.0000000000004E+00,-3.0000000000004E+00
 9.9600000000000E+00,-6.9999999999995E+00,-5.9999999999995E+00,-4.9999999999995E+00
 9.9700000000000E+00,-8.9999999999989E+00,-7.9999999999989E+00,-6.9999999999989E+00
 9.9800000000000E+00,-7.0000000000002E+00,-6.0000000000002E+00,-5.0000000000002E+00
 9.9900000000000E+00,-4.9999999999994E+00,-3.9999999999994E+00,-2.9999999999994E+00
 1.0000000000000E+01,-2.9999999999985E+00,-1.9999999999985E+00,-9.9999999999854E-01
